{
  "P1_Tooth_23": {
    "n_vertices": 10770,
    "min": [
      -72.29765319824219,
      -46.29302978515625,
      18.55611801147461
    ],
    "max": [
      -65.91400909423828,
      -36.836360931396484,
      38.01262283325195
    ],
    "center": [
      -69.10583114624023,
      -41.56469535827637,
      28.28437042236328
    ],
    "size": [
      6.383644104003906,
      9.456668853759766,
      19.456504821777344
    ],
    "units_scale": 1.0,
    "cross_section_polygon": [
      [
        -71.26656341552734,
        -39.44001388549805
      ],
      [
        -71.2528562675644,
        -41.01992655304139
      ],
      [
        -71.20104596031553,
        -42.59882550395118
      ],
      [
        -70.83095026325698,
        -44.115419403956004
      ],
      [
        -69.56581391834031,
        -44.958672282708896
      ],
      [
        -68.26776509084854,
        -44.429571860338605
      ],
      [
        -67.74634611297292,
        -42.94581952409567
      ],
      [
        -67.45069467831462,
        -41.39495624576426
      ],
      [
        -67.45801152774773,
        -39.81570808218258
      ],
      [
        -67.82177254745231,
        -38.297204657335776
      ],
      [
        -69.165127060127,
        -37.64177166984706
      ],
      [
        -70.66438259784846,
        -38.05212930221255
      ]
    ],
    "poly_z_fraction": 0.5
  },
  "P1_Tooth_30": {
    "n_vertices": 23784,
    "min": [
      -46.77513122558594,
      -70.55677032470703,
      18.17034149169922
    ],
    "max": [
      -33.70383071899414,
      -57.25296401977539,
      38.23378372192383
    ],
    "center": [
      -40.23948097229004,
      -63.90486717224121,
      28.202062606811523
    ],
    "size": [
      13.071300506591797,
      13.30380630493164,
      20.06344223022461
    ],
    "units_scale": 1.0,
    "cross_section_polygon": [
      [
        -43.72732162475586,
        -63.473358154296875
      ],
      [
        -42.35963742166028,
        -65.53492826187798
      ],
      [
        -40.95981619736023,
        -67.57628758845506
      ],
      [
        -38.90853412494407,
        -68.6806604575897
      ],
      [
        -36.50820868007882,
        -68.14899035612217
      ],
      [
        -34.5278014759256,
        -66.77084016465277
      ],
      [
        -34.53555291762002,
        -64.39849163316939
      ],
      [
        -35.419043151182514,
        -62.08632979467195
      ],
      [
        -36.305592743027525,
        -59.775412495550235
      ],
      [
        -38.41330851081983,
        -58.996482208390645
      ],
      [
        -40.595197996132406,
        -60.164683237125615
      ],
      [
        -42.72415142225637,
        -61.420980388272405
      ]
    ],
    "poly_z_fraction": 0.5
  },
  "P1_Tooth_31": {
    "n_vertices": 20130,
    "min": [
      -43.09424591064453,
      -82.9204330444336,
      20.728357315063477
    ],
    "max": [
      -28.97711181640625,
      -68.44952392578125,
      39.66426467895508
    ],
    "center": [
      -36.03567886352539,
      -75.68497848510742,
      30.196310997009277
    ],
    "size": [
      14.117134094238281,
      14.470909118652344,
      18.9359073638916
    ],
    "units_scale": 1.0,
    "cross_section_polygon": [
      [
        -39.90869903564453,
        -73.44628143310547
      ],
      [
        -39.09426830142424,
        -75.85154215621927
      ],
      [
        -37.6446386822674,
        -77.98583618295113
      ],
      [
        -36.071863882963086,
        -80.0030867792018
      ],
      [
        -33.79239756821204,
        -81.15557826235363
      ],
      [
        -31.296635467842005,
        -80.60236051408259
      ],
      [
        -30.09296856655171,
        -78.55777445720688
      ],
      [
        -30.749853656180353,
        -76.0662062621498
      ],
      [
        -31.451434141410214,
        -73.58339901298322
      ],
      [
        -33.0463219373721,
        -71.73808754396342
      ],
      [
        -35.589758441367486,
        -71.5040079693775
      ],
      [
        -38.120131772166964,
        -71.9496840357882
      ]
    ],
    "poly_z_fraction": 0.5
  }
}
