{
  "P1_Mandible": {
    "min": [
      -112.40998077392578,
      -102.94560241699219,
      -0.17028570175170898
    ],
    "max": [
      -12.07795238494873,
      -36.882991790771484,
      42.972591400146484
    ],
    "center": [
      -62.243966579437256,
      -69.91429710388184,
      21.401152849197388
    ],
    "size": [
      100.33202838897705,
      66.0626106262207,
      43.14287710189819
    ],
    "n_nodes": 523386
  },
  "P1_Tooth_18": {
    "min": [
      -98.5151596069336,
      -82.0472183227539,
      23.979822158813477
    ],
    "max": [
      -85.29257202148438,
      -67.61865997314453,
      41.316139221191406
    ],
    "center": [
      -91.90386581420898,
      -74.83293914794922,
      32.64798069000244
    ],
    "size": [
      13.222587585449219,
      14.428558349609375,
      17.33631706237793
    ],
    "n_nodes": 17160
  },
  "P1_Tooth_19": {
    "min": [
      -94.38150787353516,
      -69.95759582519531,
      18.252227783203125
    ],
    "max": [
      -81.13980102539062,
      -57.55868148803711,
      39.55501937866211
    ],
    "center": [
      -87.76065444946289,
      -63.75813865661621,
      28.903623580932617
    ],
    "size": [
      13.241706848144531,
      12.398914337158203,
      21.302791595458984
    ],
    "n_nodes": 23178
  },
  "P1_Tooth_20": {
    "min": [
      -87.55058288574219,
      -60.098365783691406,
      18.150022506713867
    ],
    "max": [
      -79.28321075439453,
      -50.81019592285156,
      38.01174545288086
    ],
    "center": [
      -83.41689682006836,
      -55.454280853271484,
      28.080883979797363
    ],
    "size": [
      8.267372131347656,
      9.288169860839844,
      19.861722946166992
    ],
    "n_nodes": 12462
  },
  "P1_Tooth_21": {
    "min": [
      -84.26049041748047,
      -53.28660202026367,
      16.00970458984375
    ],
    "max": [
      -76.27203369140625,
      -43.74142837524414,
      38.07393264770508
    ],
    "center": [
      -80.26626205444336,
      -48.514015197753906,
      27.041818618774414
    ],
    "size": [
      7.988456726074219,
      9.545173645019531,
      22.064228057861328
    ],
    "n_nodes": 13332
  },
  "P1_Tooth_22": {
    "min": [
      -79.23606872558594,
      -48.631385803222656,
      13.914016723632812
    ],
    "max": [
      -71.66287231445312,
      -38.86090850830078,
      38.2781867980957
    ],
    "center": [
      -75.44947052001953,
      -43.74614715576172,
      26.096101760864258
    ],
    "size": [
      7.5731964111328125,
      9.770477294921875,
      24.36417007446289
    ],
    "n_nodes": 14880
  },
  "P1_Tooth_23": {
    "min": [
      -72.29765319824219,
      -46.29302978515625,
      18.55611801147461
    ],
    "max": [
      -65.91400909423828,
      -36.836360931396484,
      38.01262283325195
    ],
    "center": [
      -69.10583114624023,
      -41.56469535827637,
      28.28437042236328
    ],
    "size": [
      6.383644104003906,
      9.456668853759766,
      19.456504821777344
    ],
    "n_nodes": 10770
  },
  "P1_Tooth_24": {
    "min": [
      -66.37483215332031,
      -44.87767028808594,
      18.951644897460938
    ],
    "max": [
      -59.91703414916992,
      -37.58512496948242,
      38.054988861083984
    ],
    "center": [
      -63.14593315124512,
      -41.23139762878418,
      28.50331687927246
    ],
    "size": [
      6.457798004150391,
      7.292545318603516,
      19.103343963623047
    ],
    "n_nodes": 9348
  },
  "P1_Tooth_25": {
    "min": [
      -60.51768112182617,
      -45.88930892944336,
      17.510156631469727
    ],
    "max": [
      -54.35816955566406,
      -36.609378814697266,
      37.1090087890625
    ],
    "center": [
      -57.43792533874512,
      -41.24934387207031,
      27.309582710266113
    ],
    "size": [
      6.159511566162109,
      9.279930114746094,
      19.598852157592773
    ],
    "n_nodes": 9720
  },
  "P1_Tooth_27": {
    "min": [
      -55.48492431640625,
      -48.030147552490234,
      14.443584442138672
    ],
    "max": [
      -48.804100036621094,
      -39.207923889160156,
      37.106536865234375
    ],
    "center": [
      -52.14451217651367,
      -43.619035720825195,
      25.775060653686523
    ],
    "size": [
      6.680824279785156,
      8.822223663330078,
      22.662952423095703
    ],
    "n_nodes": 12816
  },
  "P1_Tooth_28": {
    "min": [
      -50.83012390136719,
      -52.23062515258789,
      15.027166366577148
    ],
    "max": [
      -42.712158203125,
      -43.1544075012207,
      37.07291793823242
    ],
    "center": [
      -46.771141052246094,
      -47.6925163269043,
      26.050042152404785
    ],
    "size": [
      8.117965698242188,
      9.076217651367188,
      22.045751571655273
    ],
    "n_nodes": 13536
  },
  "P1_Tooth_29": {
    "min": [
      -48.202064514160156,
      -60.03551483154297,
      17.561359405517578
    ],
    "max": [
      -39.70832061767578,
      -50.45151901245117,
      37.25918197631836
    ],
    "center": [
      -43.95519256591797,
      -55.24351692199707,
      27.41027069091797
    ],
    "size": [
      8.493743896484375,
      9.583995819091797,
      19.69782257080078
    ],
    "n_nodes": 12372
  },
  "P1_Tooth_30": {
    "min": [
      -46.77513122558594,
      -70.55677032470703,
      18.17034149169922
    ],
    "max": [
      -33.70383071899414,
      -57.25296401977539,
      38.23378372192383
    ],
    "center": [
      -40.23948097229004,
      -63.90486717224121,
      28.202062606811523
    ],
    "size": [
      13.071300506591797,
      13.30380630493164,
      20.06344223022461
    ],
    "n_nodes": 23784
  },
  "P1_Tooth_31": {
    "min": [
      -43.09424591064453,
      -82.9204330444336,
      20.728357315063477
    ],
    "max": [
      -28.97711181640625,
      -68.44952392578125,
      39.66426467895508
    ],
    "center": [
      -36.03567886352539,
      -75.68497848510742,
      30.196310997009277
    ],
    "size": [
      14.117134094238281,
      14.470909118652344,
      18.9359073638916
    ],
    "n_nodes": 20130
  }
}
