{
  "P1_Mandible": {
    "min": [
      -112.40998077392578,
      -102.94560241699219,
      -0.17028570175170898
    ],
    "max": [
      -12.07795238494873,
      -36.882991790771484,
      42.972591400146484
    ],
    "center": [
      -62.243966579437256,
      -69.91429710388184,
      21.401152849197388
    ],
    "size": [
      100.33202838897705,
      66.0626106262207,
      43.14287710189819
    ],
    "n_nodes": 523386
  },
  "P1_Tooth_23": {
    "min": [
      -72.29765319824219,
      -46.29302978515625,
      18.55611801147461
    ],
    "max": [
      -65.91400909423828,
      -36.836360931396484,
      38.01262283325195
    ],
    "center": [
      -69.10583114624023,
      -41.56469535827637,
      28.28437042236328
    ],
    "size": [
      6.383644104003906,
      9.456668853759766,
      19.456504821777344
    ],
    "n_nodes": 10770
  },
  "P1_Tooth_30": {
    "min": [
      -46.77513122558594,
      -70.55677032470703,
      18.17034149169922
    ],
    "max": [
      -33.70383071899414,
      -57.25296401977539,
      38.23378372192383
    ],
    "center": [
      -40.23948097229004,
      -63.90486717224121,
      28.202062606811523
    ],
    "size": [
      13.071300506591797,
      13.30380630493164,
      20.06344223022461
    ],
    "n_nodes": 23784
  },
  "P1_Tooth_31": {
    "min": [
      -43.09424591064453,
      -82.9204330444336,
      20.728357315063477
    ],
    "max": [
      -28.97711181640625,
      -68.44952392578125,
      39.66426467895508
    ],
    "center": [
      -36.03567886352539,
      -75.68497848510742,
      30.196310997009277
    ],
    "size": [
      14.117134094238281,
      14.470909118652344,
      18.9359073638916
    ],
    "n_nodes": 20130
  }
}
