{
  "A": {
    "commensal_static": {
      "mode": "A",
      "odb": "p23_klempt_A_commensal_static.odb",
      "s_max": 2.5454940795898438,
      "s_mean": 1.8242635031541188,
      "s_min": 1.1030329465866089,
      "Je_max": 2.0590901374816895,
      "Je_mean": 0.958560518919038,
      "Je_min": 0.47999003529548645,
      "alpha_max": 1.5454940795898438,
      "alpha_mean": 0.8242634988079468,
      "alpha_min": 0.10303293913602829,
      "E_gated_max": 0.0007899110787548125,
      "E_gated_mean": 0.0002972406216485979,
      "E_gated_min": 3.5107159419567324e-06,
      "phi_gate_max": 0.9915580749511719,
      "phi_gate_mean": 0.37311962879418087,
      "phi_gate_min": 0.0044069248251616955,
      "mises_max": 0.009311900474131107,
      "mises_mean": 0.0016519294294416811,
      "s11_max": 0.004338631872087717,
      "s11_min": -0.019925152882933617
    },
    "commensal_hobic": {
      "mode": "A",
      "odb": "p23_klempt_A_commensal_hobic.odb",
      "s_max": 2.8026621341705322,
      "s_mean": 1.9614198505878448,
      "s_min": 1.1201775074005127,
      "Je_max": 2.292405366897583,
      "Je_mean": 0.949542158613796,
      "Je_min": 0.4445229470729828,
      "alpha_max": 1.8026622533798218,
      "alpha_mean": 0.9614198555548986,
      "alpha_min": 0.12017747759819031,
      "E_gated_max": 0.0008643708424642682,
      "E_gated_mean": 0.0003252595389161191,
      "E_gated_min": 3.841648322122637e-06,
      "phi_gate_max": 0.8993065357208252,
      "phi_gate_mean": 0.3384057135942082,
      "phi_gate_min": 0.003996917977929115,
      "mises_max": 0.013874203898012638,
      "mises_mean": 0.00236171180843628,
      "s11_max": 0.0056333476677536964,
      "s11_min": -0.02603140100836754
    },
    "dysbiotic_static": {
      "mode": "A",
      "odb": "p23_klempt_A_dysbiotic_static.odb",
      "s_max": 2.7963104248046875,
      "s_mean": 1.9580322702725728,
      "s_min": 1.1197540760040283,
      "Je_max": 2.2864203453063965,
      "Je_mean": 0.9497452166488355,
      "Je_min": 0.44528430700302124,
      "alpha_max": 1.796310544013977,
      "alpha_mean": 0.9580322640637556,
      "alpha_min": 0.11975403130054474,
      "E_gated_max": 0.0008646865608170629,
      "E_gated_mean": 0.0003253783526133702,
      "E_gated_min": 3.843051217700122e-06,
      "phi_gate_max": 0.8990074396133423,
      "phi_gate_mean": 0.3382931777353709,
      "phi_gate_min": 0.003995588514953852,
      "mises_max": 0.013780363835394382,
      "mises_mean": 0.0023479927723946857,
      "s11_max": 0.005613167770206928,
      "s11_min": -0.0259407926350832
    },
    "dysbiotic_hobic": {
      "mode": "A",
      "odb": "p23_klempt_A_dysbiotic_hobic.odb",
      "s_max": 1.8981016874313354,
      "s_mean": 1.478987584511439,
      "s_min": 1.0598734617233276,
      "Je_max": 1.5220825672149658,
      "Je_mean": 0.9831303477314964,
      "Je_min": 0.6284001469612122,
      "alpha_max": 0.8981017470359802,
      "alpha_mean": 0.4789875919620196,
      "alpha_min": 0.05987344682216644,
      "E_gated_max": 0.0005368894198909402,
      "E_gated_mean": 0.0002020294967716533,
      "E_gated_min": 2.386175083302078e-06,
      "phi_gate_max": 1.0688997507095337,
      "phi_gate_mean": 0.40222302129647386,
      "phi_gate_min": 0.004750665742903948,
      "mises_max": 0.002349057700484991,
      "mises_mean": 0.00046266805980676735,
      "s11_max": 0.0016369346994906664,
      "s11_min": -0.006737773772329092
    }
  },
  "C": {
    "commensal_static": {
      "mode": "C",
      "odb": "p23_klempt_C_commensal_static.odb",
      "alpha_total_max": 1.5454940795898438,
      "alpha_total_mean": 0.8242634988079468,
      "alpha_total_min": 0.10303293913602829,
      "Je_max": 2.0590901374816895,
      "Je_mean": 0.9585605189273395,
      "Je_min": 0.47999003529548645,
      "E_gated_max": 0.0007899110787548125,
      "E_gated_mean": 0.0002972406216485979,
      "E_gated_min": 3.5107159419567324e-06,
      "s_max": 2.5454940795898438,
      "s_mean": 1.8242635031541188,
      "s_min": 1.1030329465866089,
      "alpha_So_max": 1.1450687646865845,
      "alpha_So_mean": 0.6107033211737871,
      "alpha_So_min": 0.07633791118860245,
      "alpha_Vd_max": 0.10116942226886749,
      "alpha_Vd_mean": 0.05395702680107206,
      "alpha_Vd_min": 0.006744628306478262,
      "phi_gate_max": 0.9915580749511719,
      "phi_gate_mean": 0.37311962879418087,
      "phi_gate_min": 0.0044069248251616955,
      "mises_max": 0.009311900474131107,
      "mises_mean": 0.0016519294287380276,
      "s11_max": 0.004338631872087717,
      "s11_min": -0.019925152882933617
    },
    "commensal_hobic": {
      "mode": "C",
      "odb": "p23_klempt_C_commensal_hobic.odb",
      "alpha_total_max": 1.8026622533798218,
      "alpha_total_mean": 0.9614198555548986,
      "alpha_total_min": 0.12017747759819031,
      "Je_max": 2.292405366897583,
      "Je_mean": 0.9495421586649885,
      "Je_min": 0.4445229470729828,
      "E_gated_max": 0.0008643708424642682,
      "E_gated_mean": 0.0003252595389161191,
      "E_gated_min": 3.841648322122637e-06,
      "s_max": 2.8026621341705322,
      "s_mean": 1.9614198505878448,
      "s_min": 1.1201775074005127,
      "alpha_So_max": 1.718590497970581,
      "alpha_So_mean": 0.9165816108385721,
      "alpha_So_min": 0.11457270383834839,
      "alpha_Vd_max": 0.02131856046617031,
      "alpha_Vd_mean": 0.011369898915290833,
      "alpha_Vd_min": 0.001421237364411354,
      "phi_gate_max": 0.8993065357208252,
      "phi_gate_mean": 0.3384057135942082,
      "phi_gate_min": 0.003996917977929115,
      "mises_max": 0.013874203898012638,
      "mises_mean": 0.0023617118038918414,
      "s11_max": 0.0056333476677536964,
      "s11_min": -0.02603140100836754
    },
    "dysbiotic_static": {
      "mode": "C",
      "odb": "p23_klempt_C_dysbiotic_static.odb",
      "alpha_total_max": 1.796310544013977,
      "alpha_total_mean": 0.9580322640637556,
      "alpha_total_min": 0.11975403130054474,
      "Je_max": 2.2864203453063965,
      "Je_mean": 0.949745216749145,
      "Je_min": 0.44528430700302124,
      "E_gated_max": 0.0008646865608170629,
      "E_gated_mean": 0.0003253783526133702,
      "E_gated_min": 3.843051217700122e-06,
      "s_max": 2.7963104248046875,
      "s_mean": 1.9580322702725728,
      "s_min": 1.1197540760040283,
      "alpha_So_max": 1.71432363986969,
      "alpha_So_mean": 0.9143059601386389,
      "alpha_So_min": 0.11428824067115784,
      "alpha_Vd_max": 0.02064378559589386,
      "alpha_Vd_mean": 0.011010018778809657,
      "alpha_Vd_min": 0.0013762523885816336,
      "phi_gate_max": 0.8990074396133423,
      "phi_gate_mean": 0.3382931777353709,
      "phi_gate_min": 0.003995588514953852,
      "mises_max": 0.013780363835394382,
      "mises_mean": 0.0023479927631600453,
      "s11_max": 0.005613167770206928,
      "s11_min": -0.0259407926350832
    },
    "dysbiotic_hobic": {
      "mode": "C",
      "odb": "p23_klempt_C_dysbiotic_hobic.odb",
      "alpha_total_max": 0.8981017470359802,
      "alpha_total_mean": 0.4789875919620196,
      "alpha_total_min": 0.05987344682216644,
      "Je_max": 1.5220825672149658,
      "Je_mean": 0.9831303477605516,
      "Je_min": 0.6284001469612122,
      "E_gated_max": 0.0005368894198909402,
      "E_gated_mean": 0.0002020294967716533,
      "E_gated_min": 2.386175083302078e-06,
      "s_max": 1.8981016874313354,
      "s_mean": 1.478987584511439,
      "s_min": 1.0598734617233276,
      "alpha_So_max": 0.09620007127523422,
      "alpha_So_mean": 0.05130670305031041,
      "alpha_So_min": 0.006413337774574757,
      "alpha_Vd_max": 0.46965929865837097,
      "alpha_Vd_mean": 0.25048495394488174,
      "alpha_Vd_min": 0.03131061792373657,
      "phi_gate_max": 1.0688997507095337,
      "phi_gate_mean": 0.40222302129647386,
      "phi_gate_min": 0.004750665742903948,
      "mises_max": 0.002349057700484991,
      "mises_mean": 0.00046266805998184074,
      "s11_max": 0.0016369346994906664,