{
  "Commensal_Static": {
    "n_samples": 50,
    "g_eff": 50.0,
    "c_min_MAP": 0.028344837392925443,
    "c_min_median": 0.028405294560749045,
    "c_min_mean": 0.030216713497179915,
    "c_min_std": 0.0026758225379588303,
    "c_min_p05": 0.028229731192078784,
    "c_min_p95": 0.03452869041486385,
    "c_min_range": [
      0.027720879637401503,
      0.03477674102742373
    ]
  },
  "Dysbiotic_Static": {
    "n_samples": 50,
    "g_eff": 50.0,
    "c_min_MAP": 0.0283539446153463,
    "c_min_median": 0.028326499939759338,
    "c_min_mean": 0.0304297748396062,
    "c_min_std": 0.0027817866876251427,
    "c_min_p05": 0.028240351488374654,
    "c_min_p95": 0.035018827522241405,
    "c_min_range": [
      0.028232318709678322,
      0.03525302101840104
    ]
  }
}
