/batch
/config,noeldb,1     ! force off writing results to database
*get,_wallstrt,active,,time,wall
! ANSYS input file written by Workbench version 2024 R2
! File used for geometry attach: C:\_Forschung\9_Daten Tobi\Biofilm-Implementierung\Biofilm-Implementation_files\dp16\SYS-31\DM\SYS-31.scdoc
/title,Biofilm-Implementation--Static Structural (A5)
! ****** Begin Custom Load Command Snippet ******
/COM, ACT Extensions:
/COM,     LSDYNA, 2024.2
/COM,     5f463412-bd3e-484b-87e7-cbc0a665e474, wbex
/COM,/COM,     ANSYSMotion, 2024.2
/COM,     20180725-3f81-49eb-9f31-41364844c769, wbex
/COM,
! ****** End   Custom Load Command Snippet ******
*DIM,_wb_ProjectScratch_dir,string,248
_wb_ProjectScratch_dir(1) = 'C:\_Forschung\9_Daten Tobi\Biofilm-Implementierung\_ProjectScratch\Scr4284\'
*DIM,_wb_SolverFiles_dir,string,248
_wb_SolverFiles_dir(1) = 'C:\_Forschung\9_Daten Tobi\Biofilm-Implementierung\Biofilm-Implementation_files\dp16\SYS-31\MECH\'
*DIM,_wb_userfiles_dir,string,248
_wb_userfiles_dir(1) = 'C:\_Forschung\9_Daten Tobi\Biofilm-Implementierung\Biofilm-Implementation_files\user_files\'
/com,--- Data in consistent NMM units. See Solving Units in the help system for more information.
/units,MPA
/nopr
/wb,file,start              !  signify a WB generated input file
/prep7
! Turn off shape checking because checks already performed inside WB mesher.
! See help system for more information.
SHPP,OFF,,NOWARN
/nolist
/com,*********** Nodes for the whole assembly ***********
nblock,3,,801
(1i9,3e20.9e3)
        1     7.500000000E-01    -7.500000000E-01    -7.500000000E-01
        2     5.000000000E-01    -7.500000000E-01    -7.500000000E-01
        3     2.500000000E-01    -7.500000000E-01    -7.500000000E-01
        4     8.673617380E-16    -7.500000000E-01    -7.500000000E-01
        5    -2.500000000E-01    -7.500000000E-01    -7.500000000E-01
        6    -5.000000000E-01    -7.500000000E-01    -7.500000000E-01
        7    -7.500000000E-01    -7.500000000E-01    -7.500000000E-01
        8     7.500000000E-01    -5.000000000E-01    -7.500000000E-01
        9     5.000000000E-01    -5.000000000E-01    -7.500000000E-01
       10     2.500000000E-01    -5.000000000E-01    -7.500000000E-01
       11     8.673617380E-16    -5.000000000E-01    -7.500000000E-01
       12    -2.500000000E-01    -5.000000000E-01    -7.500000000E-01
       13    -5.000000000E-01    -5.000000000E-01    -7.500000000E-01
       14    -7.500000000E-01    -5.000000000E-01    -7.500000000E-01
       15     7.500000000E-01    -2.500000000E-01    -7.500000000E-01
       16     5.000000000E-01    -2.500000000E-01    -7.500000000E-01
       17     2.500000000E-01    -2.500000000E-01    -7.500000000E-01
       18     8.673617380E-16    -2.500000000E-01    -7.500000000E-01
       19    -2.500000000E-01    -2.500000000E-01    -7.500000000E-01
       20    -5.000000000E-01    -2.500000000E-01    -7.500000000E-01
       21    -7.500000000E-01    -2.500000000E-01    -7.500000000E-01
       22     7.500000000E-01    -8.673617380E-16    -7.500000000E-01
       23     5.000000000E-01    -8.673617380E-16    -7.500000000E-01
       24     2.500000000E-01    -8.673617380E-16    -7.500000000E-01
       25     8.673617380E-16    -8.673617380E-16    -7.500000000E-01
       26    -2.500000000E-01    -8.673617380E-16    -7.500000000E-01
       27    -5.000000000E-01    -8.673617380E-16    -7.500000000E-01
       28    -7.500000000E-01    -8.673617380E-16    -7.500000000E-01
       29     7.500000000E-01     2.500000000E-01    -7.500000000E-01
       30     5.000000000E-01     2.500000000E-01    -7.500000000E-01
       31     2.500000000E-01     2.500000000E-01    -7.500000000E-01
       32     8.673617380E-16     2.500000000E-01    -7.500000000E-01
       33    -2.500000000E-01     2.500000000E-01    -7.500000000E-01
       34    -5.000000000E-01     2.500000000E-01    -7.500000000E-01
       35    -7.500000000E-01     2.500000000E-01    -7.500000000E-01
       36     7.500000000E-01     5.000000000E-01    -7.500000000E-01
       37     5.000000000E-01     5.000000000E-01    -7.500000000E-01
       38     2.500000000E-01     5.000000000E-01    -7.500000000E-01
       39     8.673617380E-16     5.000000000E-01    -7.500000000E-01
       40    -2.500000000E-01     5.000000000E-01    -7.500000000E-01
       41    -5.000000000E-01     5.000000000E-01    -7.500000000E-01
       42    -7.500000000E-01     5.000000000E-01    -7.500000000E-01
       43     7.500000000E-01     7.500000000E-01    -7.500000000E-01
       44     5.000000000E-01     7.500000000E-01    -7.500000000E-01
       45     2.500000000E-01     7.500000000E-01    -7.500000000E-01
       46     8.673617380E-16     7.500000000E-01    -7.500000000E-01
       47    -2.500000000E-01     7.500000000E-01    -7.500000000E-01
       48    -5.000000000E-01     7.500000000E-01    -7.500000000E-01
       49    -7.500000000E-01     7.500000000E-01    -7.500000000E-01
       50     7.500000000E-01    -7.500000000E-01    -5.000000000E-01
       51     5.000000000E-01    -7.500000000E-01    -5.000000000E-01
       52     2.500000000E-01    -7.500000000E-01    -5.000000000E-01
       53     8.673617380E-16    -7.500000000E-01    -5.000000000E-01
       54    -2.500000000E-01    -7.500000000E-01    -5.000000000E-01
       55    -5.000000000E-01    -7.500000000E-01    -5.000000000E-01
       56    -7.500000000E-01    -7.500000000E-01    -5.000000000E-01
       57     7.500000000E-01    -5.000000000E-01    -5.000000000E-01
       58     5.000000000E-01    -5.000000000E-01    -5.000000000E-01
       59     2.500000000E-01    -5.000000000E-01    -5.000000000E-01
       60     8.673617380E-16    -5.000000000E-01    -5.000000000E-01
       61    -2.500000000E-01    -5.000000000E-01    -5.000000000E-01
       62    -5.000000000E-01    -5.000000000E-01    -5.000000000E-01
       63    -7.500000000E-01    -5.000000000E-01    -5.000000000E-01
       64     7.500000000E-01    -2.500000000E-01    -5.000000000E-01
       65     5.000000000E-01    -2.500000000E-01    -5.000000000E-01
       66     2.500000000E-01    -2.500000000E-01    -5.000000000E-01
       67     8.673617380E-16    -2.500000000E-01    -5.000000000E-01
       68    -2.500000000E-01    -2.500000000E-01    -5.000000000E-01
       69    -5.000000000E-01    -2.500000000E-01    -5.000000000E-01
       70    -7.500000000E-01    -2.500000000E-01    -5.000000000E-01
       71     7.500000000E-01    -8.673617380E-16    -5.000000000E-01
       72     5.000000000E-01    -8.673617380E-16    -5.000000000E-01
       73     2.500000000E-01    -8.673617380E-16    -5.000000000E-01
       74     8.673617380E-16    -8.673617380E-16    -5.000000000E-01
       75    -2.500000000E-01    -8.673617380E-16    -5.000000000E-01
       76    -5.000000000E-01    -8.673617380E-16    -5.000000000E-01
       77    -7.500000000E-01    -8.673617380E-16    -5.000000000E-01
       78     7.500000000E-01     2.500000000E-01    -5.000000000E-01
       79     5.000000000E-01     2.500000000E-01    -5.000000000E-01
       80     2.500000000E-01     2.500000000E-01    -5.000000000E-01
       81     8.673617380E-16     2.500000000E-01    -5.000000000E-01
       82    -2.500000000E-01     2.500000000E-01    -5.000000000E-01
       83    -5.000000000E-01     2.500000000E-01    -5.000000000E-01
       84    -7.500000000E-01     2.500000000E-01    -5.000000000E-01
       85     7.500000000E-01     5.000000000E-01    -5.000000000E-01
       86     5.000000000E-01     5.000000000E-01    -5.000000000E-01
       87     2.500000000E-01     5.000000000E-01    -5.000000000E-01
       88     8.673617380E-16     5.000000000E-01    -5.000000000E-01
       89    -2.500000000E-01     5.000000000E-01    -5.000000000E-01
       90    -5.000000000E-01     5.000000000E-01    -5.000000000E-01
       91    -7.500000000E-01     5.000000000E-01    -5.000000000E-01
       92     7.500000000E-01     7.500000000E-01    -5.000000000E-01
       93     5.000000000E-01     7.500000000E-01    -5.000000000E-01
       94     2.500000000E-01     7.500000000E-01    -5.000000000E-01
       95     8.673617380E-16     7.500000000E-01    -5.000000000E-01
       96    -2.500000000E-01     7.500000000E-01    -5.000000000E-01
       97    -5.000000000E-01     7.500000000E-01    -5.000000000E-01
       98    -7.500000000E-01     7.500000000E-01    -5.000000000E-01
       99     7.500000000E-01    -7.500000000E-01    -2.500000000E-01
      100     5.000000000E-01    -7.500000000E-01    -2.500000000E-01
      101     2.500000000E-01    -7.500000000E-01    -2.500000000E-01
      102     8.673617380E-16    -7.500000000E-01    -2.500000000E-01
      103    -2.500000000E-01    -7.500000000E-01    -2.500000000E-01
      104    -5.000000000E-01    -7.500000000E-01    -2.500000000E-01
      105    -7.500000000E-01    -7.500000000E-01    -2.500000000E-01
      106     7.500000000E-01    -5.000000000E-01    -2.500000000E-01
      107     5.000000000E-01    -5.000000000E-01    -2.500000000E-01
      108     2.500000000E-01    -5.000000000E-01    -2.500000000E-01
      109     8.673617380E-16    -5.000000000E-01    -2.500000000E-01
      110    -2.500000000E-01    -5.000000000E-01    -2.500000000E-01
      111    -5.000000000E-01    -5.000000000E-01    -2.500000000E-01
      112    -7.500000000E-01    -5.000000000E-01    -2.500000000E-01
      113     7.500000000E-01    -2.500000000E-01    -2.500000000E-01
      114     5.000000000E-01    -2.500000000E-01    -2.500000000E-01
      115     2.500000000E-01    -2.500000000E-01    -2.500000000E-01
      116     8.673617380E-16    -2.500000000E-01    -2.500000000E-01
      117    -2.500000000E-01    -2.500000000E-01    -2.500000000E-01
      118    -5.000000000E-01    -2.500000000E-01    -2.500000000E-01
      119    -7.500000000E-01    -2.500000000E-01    -2.500000000E-01
      120     7.500000000E-01    -8.199278929E-16    -2.500000000E-01
      121     5.000000000E-01    -8.267041565E-16    -2.500000000E-01
      122     2.500000000E-01    -8.334804201E-16    -2.500000000E-01
      123     8.673617380E-16    -8.402566837E-16    -2.500000000E-01
      124    -2.500000000E-01    -8.470329473E-16    -2.500000000E-01
      125    -5.000000000E-01    -8.538092108E-16    -2.500000000E-01
      126    -7.500000000E-01    -8.605854744E-16    -2.500000000E-01
      127     7.500000000E-01     2.500000000E-01    -2.500000000E-01
      128     5.000000000E-01     2.500000000E-01    -2.500000000E-01
      129     2.500000000E-01     2.500000000E-01    -2.500000000E-01
      130     8.673617380E-16     2.500000000E-01    -2.500000000E-01
      131    -2.500000000E-01     2.500000000E-01    -2.500000000E-01
      132    -5.000000000E-01     2.500000000E-01    -2.500000000E-01
      133    -7.500000000E-01     2.500000000E-01    -2.500000000E-01
      134     7.500000000E-01     5.000000000E-01    -2.500000000E-01
      135     5.000000000E-01     5.000000000E-01    -2.500000000E-01
      136     2.500000000E-01     5.000000000E-01    -2.500000000E-01
      137     8.673617380E-16     5.000000000E-01    -2.500000000E-01
      138    -2.500000000E-01     5.000000000E-01    -2.500000000E-01
      139    -5.000000000E-01     5.000000000E-01    -2.500000000E-01
      140    -7.500000000E-01     5.000000000E-01    -2.500000000E-01
      141     7.500000000E-01     7.500000000E-01    -2.500000000E-01
      142     5.000000000E-01     7.500000000E-01    -2.500000000E-01
      143     2.500000000E-01     7.500000000E-01    -2.500000000E-01
      144     8.673617380E-16     7.500000000E-01    -2.500000000E-01
      145    -2.500000000E-01     7.500000000E-01    -2.500000000E-01
      146    -5.000000000E-01     7.500000000E-01    -2.500000000E-01
      147    -7.500000000E-01     7.500000000E-01    -2.500000000E-01
      148     7.500000000E-01    -7.500000000E-01    -5.421010862E-17
      149     5.000000000E-01    -7.500000000E-01    -1.084202172E-16
      150     2.500000000E-01    -7.500000000E-01    -1.626303259E-16
      151     8.673617380E-16    -7.500000000E-01    -2.168404345E-16
      152    -2.500000000E-01    -7.500000000E-01    -2.710505431E-16
      153    -5.000000000E-01    -7.500000000E-01    -3.252606517E-16
      154    -7.500000000E-01    -7.500000000E-01    -3.794707604E-16
      155     7.500000000E-01    -5.000000000E-01    -4.336808690E-16
      156     5.000000000E-01    -5.000000000E-01    -4.336808690E-16
      157     2.500000000E-01    -5.000000000E-01    -4.336808690E-16
      158     8.673617380E-16    -5.000000000E-01    -4.336808690E-16
      159    -2.500000000E-01    -5.000000000E-01    -4.336808690E-16
      160    -5.000000000E-01    -5.000000000E-01    -4.336808690E-16
      161    -7.500000000E-01    -5.000000000E-01    -4.336808690E-16
      162     7.500000000E-01    -2.500000000E-01    -4.336808690E-16
      163     5.000000000E-01    -2.500000000E-01    -4.336808690E-16
      164     2.500000000E-01    -2.500000000E-01    -4.336808690E-16
      165     8.673617380E-16    -2.500000000E-01    -4.336808690E-16
      166    -2.500000000E-01    -2.500000000E-01    -4.336808690E-16
      167    -5.000000000E-01    -2.500000000E-01    -4.336808690E-16
      168    -7.500000000E-01    -2.500000000E-01    -4.336808690E-16
      169     7.500000000E-01    -8.673617380E-16    -5.421010862E-17
      170     5.000000000E-01    -8.673617380E-16    -1.084202172E-16
      171     2.500000000E-01    -8.673617380E-16    -1.626303259E-16
      172     8.673617380E-16    -8.673617380E-16    -2.168404345E-16
      173    -2.500000000E-01    -8.673617380E-16    -2.710505431E-16
      174    -5.000000000E-01    -8.673617380E-16    -3.252606517E-16
      175    -7.500000000E-01    -8.673617380E-16    -3.794707604E-16
      176     7.500000000E-01     2.500000000E-01    -5.421010862E-17
      177     5.000000000E-01     2.500000000E-01    -1.084202172E-16
      178     2.500000000E-01     2.500000000E-01    -1.626303259E-16
      179     8.673617380E-16     2.500000000E-01    -2.168404345E-16
      180    -2.500000000E-01     2.500000000E-01    -2.710505431E-16
      181    -5.000000000E-01     2.500000000E-01    -3.252606517E-16
      182    -7.500000000E-01     2.500000000E-01    -3.794707604E-16
      183     7.500000000E-01     5.000000000E-01    -4.336808690E-16
      184     5.000000000E-01     5.000000000E-01    -4.336808690E-16
      185     2.500000000E-01     5.000000000E-01    -4.336808690E-16
      186     8.673617380E-16     5.000000000E-01    -4.336808690E-16
      187    -2.500000000E-01     5.000000000E-01    -4.336808690E-16
      188    -5.000000000E-01     5.000000000E-01    -4.336808690E-16
      189    -7.500000000E-01     5.000000000E-01    -4.336808690E-16
      190     7.500000000E-01     7.500000000E-01    -4.336808690E-16
      191     5.000000000E-01     7.500000000E-01    -4.336808690E-16
      192     2.500000000E-01     7.500000000E-01    -4.336808690E-16
      193     8.673617380E-16     7.500000000E-01    -4.336808690E-16
      194    -2.500000000E-01     7.500000000E-01    -4.336808690E-16
      195    -5.000000000E-01     7.500000000E-01    -4.336808690E-16
      196    -7.500000000E-01     7.500000000E-01    -4.336808690E-16
      197     7.500000000E-01    -7.500000000E-01     2.500000000E-01
      198     5.000000000E-01    -7.500000000E-01     2.500000000E-01
      199     2.500000000E-01    -7.500000000E-01     2.500000000E-01
      200     8.673617380E-16    -7.500000000E-01     2.500000000E-01
      201    -2.500000000E-01    -7.500000000E-01     2.500000000E-01
      202    -5.000000000E-01    -7.500000000E-01     2.500000000E-01
      203    -7.500000000E-01    -7.500000000E-01     2.500000000E-01
      204     7.500000000E-01    -5.000000000E-01     2.500000000E-01
      205     5.000000000E-01    -5.000000000E-01     2.500000000E-01
      206     2.500000000E-01    -5.000000000E-01     2.500000000E-01
      207     8.673617380E-16    -5.000000000E-01     2.500000000E-01
      208    -2.500000000E-01    -5.000000000E-01     2.500000000E-01
      209    -5.000000000E-01    -5.000000000E-01     2.500000000E-01
      210    -7.500000000E-01    -5.000000000E-01     2.500000000E-01
      211     7.500000000E-01    -2.500000000E-01     2.500000000E-01
      212     5.000000000E-01    -2.500000000E-01     2.500000000E-01
      213     2.500000000E-01    -2.500000000E-01     2.500000000E-01
      214     8.673617380E-16    -2.500000000E-01     2.500000000E-01
      215    -2.500000000E-01    -2.500000000E-01     2.500000000E-01
      216    -5.000000000E-01    -2.500000000E-01     2.500000000E-01
      217    -7.500000000E-01    -2.500000000E-01     2.500000000E-01
      218     7.500000000E-01    -8.199278929E-16     2.500000000E-01
      219     5.000000000E-01    -8.267041565E-16     2.500000000E-01
      220     2.500000000E-01    -8.334804201E-16     2.500000000E-01
      221     8.673617380E-16    -8.402566837E-16     2.500000000E-01
      222    -2.500000000E-01    -8.470329473E-16     2.500000000E-01
      223    -5.000000000E-01    -8.538092108E-16     2.500000000E-01
      224    -7.500000000E-01    -8.605854744E-16     2.500000000E-01
      225     7.500000000E-01     2.500000000E-01     2.500000000E-01
      226     5.000000000E-01     2.500000000E-01     2.500000000E-01
      227     2.500000000E-01     2.500000000E-01     2.500000000E-01
      228     8.673617380E-16     2.500000000E-01     2.500000000E-01
      229    -2.500000000E-01     2.500000000E-01     2.500000000E-01
      230    -5.000000000E-01     2.500000000E-01     2.500000000E-01
      231    -7.500000000E-01     2.500000000E-01     2.500000000E-01
      232     7.500000000E-01     5.000000000E-01     2.500000000E-01
      233     5.000000000E-01     5.000000000E-01     2.500000000E-01
      234     2.500000000E-01     5.000000000E-01     2.500000000E-01
      235     8.673617380E-16     5.000000000E-01     2.500000000E-01
      236    -2.500000000E-01     5.000000000E-01     2.500000000E-01
      237    -5.000000000E-01     5.000000000E-01     2.500000000E-01
      238    -7.500000000E-01     5.000000000E-01     2.500000000E-01
      239     7.500000000E-01     7.500000000E-01     2.500000000E-01
      240     5.000000000E-01     7.500000000E-01     2.500000000E-01
      241     2.500000000E-01     7.500000000E-01     2.500000000E-01
      242     8.673617380E-16     7.500000000E-01     2.500000000E-01
      243    -2.500000000E-01     7.500000000E-01     2.500000000E-01
      244    -5.000000000E-01     7.500000000E-01     2.500000000E-01
      245    -7.500000000E-01     7.500000000E-01     2.500000000E-01
      246     7.500000000E-01    -7.500000000E-01     5.000000000E-01
      247     5.000000000E-01    -7.500000000E-01     5.000000000E-01
      248     2.500000000E-01    -7.500000000E-01     5.000000000E-01
      249     8.673617380E-16    -7.500000000E-01     5.000000000E-01
      250    -2.500000000E-01    -7.500000000E-01     5.000000000E-01
      251    -5.000000000E-01    -7.500000000E-01     5.000000000E-01
      252    -7.500000000E-01    -7.500000000E-01     5.000000000E-01
      253     7.500000000E-01    -5.000000000E-01     5.000000000E-01
      254     5.000000000E-01    -5.000000000E-01     5.000000000E-01
      255     2.500000000E-01    -5.000000000E-01     5.000000000E-01
      256     8.673617380E-16    -5.000000000E-01     5.000000000E-01
      257    -2.500000000E-01    -5.000000000E-01     5.000000000E-01
      258    -5.000000000E-01    -5.000000000E-01     5.000000000E-01
      259    -7.500000000E-01    -5.000000000E-01     5.000000000E-01
      260     7.500000000E-01    -2.500000000E-01     5.000000000E-01
      261     5.000000000E-01    -2.500000000E-01     5.000000000E-01
      262     2.500000000E-01    -2.500000000E-01     5.000000000E-01
      263     8.673617380E-16    -2.500000000E-01     5.000000000E-01
      264    -2.500000000E-01    -2.500000000E-01     5.000000000E-01
      265    -5.000000000E-01    -2.500000000E-01     5.000000000E-01
      266    -7.500000000E-01    -2.500000000E-01     5.000000000E-01
      267     7.500000000E-01    -8.673617380E-16     5.000000000E-01
      268     5.000000000E-01    -8.673617380E-16     5.000000000E-01
      269     2.500000000E-01    -8.673617380E-16     5.000000000E-01
      270     8.673617380E-16    -8.673617380E-16     5.000000000E-01
      271    -2.500000000E-01    -8.673617380E-16     5.000000000E-01
      272    -5.000000000E-01    -8.673617380E-16     5.000000000E-01
      273    -7.500000000E-01    -8.673617380E-16     5.000000000E-01
      274     7.500000000E-01     2.500000000E-01     5.000000000E-01
      275     5.000000000E-01     2.500000000E-01     5.000000000E-01
      276     2.500000000E-01     2.500000000E-01     5.000000000E-01
      277     8.673617380E-16     2.500000000E-01     5.000000000E-01
      278    -2.500000000E-01     2.500000000E-01     5.000000000E-01
      279    -5.000000000E-01     2.500000000E-01     5.000000000E-01
      280    -7.500000000E-01     2.500000000E-01     5.000000000E-01
      281     7.500000000E-01     5.000000000E-01     5.000000000E-01
      282     5.000000000E-01     5.000000000E-01     5.000000000E-01
      283     2.500000000E-01     5.000000000E-01     5.000000000E-01
      284     8.673617380E-16     5.000000000E-01     5.000000000E-01
      285    -2.500000000E-01     5.000000000E-01     5.000000000E-01
      286    -5.000000000E-01     5.000000000E-01     5.000000000E-01
      287    -7.500000000E-01     5.000000000E-01     5.000000000E-01
      288     7.500000000E-01     7.500000000E-01     5.000000000E-01
      289     5.000000000E-01     7.500000000E-01     5.000000000E-01
      290     2.500000000E-01     7.500000000E-01     5.000000000E-01
      291     8.673617380E-16     7.500000000E-01     5.000000000E-01
      292    -2.500000000E-01     7.500000000E-01     5.000000000E-01
      293    -5.000000000E-01     7.500000000E-01     5.000000000E-01
      294    -7.500000000E-01     7.500000000E-01     5.000000000E-01
      295     7.500000000E-01    -7.500000000E-01     7.500000000E-01
      296     5.000000000E-01    -7.500000000E-01     7.500000000E-01
      297     2.500000000E-01    -7.500000000E-01     7.500000000E-01
      298     8.673617380E-16    -7.500000000E-01     7.500000000E-01
      299    -2.500000000E-01    -7.500000000E-01     7.500000000E-01
      300    -5.000000000E-01    -7.500000000E-01     7.500000000E-01
      301    -7.500000000E-01    -7.500000000E-01     7.500000000E-01
      302     7.500000000E-01    -5.000000000E-01     7.500000000E-01
      303     5.000000000E-01    -5.000000000E-01     7.500000000E-01
      304     2.500000000E-01    -5.000000000E-01     7.500000000E-01
      305     8.673617380E-16    -5.000000000E-01     7.500000000E-01
      306    -2.500000000E-01    -5.000000000E-01     7.500000000E-01
      307    -5.000000000E-01    -5.000000000E-01     7.500000000E-01
      308    -7.500000000E-01    -5.000000000E-01     7.500000000E-01
      309     7.500000000E-01    -2.500000000E-01     7.500000000E-01
      310     5.000000000E-01    -2.500000000E-01     7.500000000E-01
      311     2.500000000E-01    -2.500000000E-01     7.500000000E-01
      312     8.673617380E-16    -2.500000000E-01     7.500000000E-01
      313    -2.500000000E-01    -2.500000000E-01     7.500000000E-01
      314    -5.000000000E-01    -2.500000000E-01     7.500000000E-01
      315    -7.500000000E-01    -2.500000000E-01     7.500000000E-01
      316     7.500000000E-01    -8.673617380E-16     7.500000000E-01
      317     5.000000000E-01    -8.673617380E-16     7.500000000E-01
      318     2.500000000E-01    -8.673617380E-16     7.500000000E-01
      319     8.673617380E-16    -8.673617380E-16     7.500000000E-01
      320    -2.500000000E-01    -8.673617380E-16     7.500000000E-01
      321    -5.000000000E-01    -8.673617380E-16     7.500000000E-01
      322    -7.500000000E-01    -8.673617380E-16     7.500000000E-01
      323     7.500000000E-01     2.500000000E-01     7.500000000E-01
      324     5.000000000E-01     2.500000000E-01     7.500000000E-01
      325     2.500000000E-01     2.500000000E-01     7.500000000E-01
      326     8.673617380E-16     2.500000000E-01     7.500000000E-01
      327    -2.500000000E-01     2.500000000E-01     7.500000000E-01
      328    -5.000000000E-01     2.500000000E-01     7.500000000E-01
      329    -7.500000000E-01     2.500000000E-01     7.500000000E-01
      330     7.500000000E-01     5.000000000E-01     7.500000000E-01
      331     5.000000000E-01     5.000000000E-01     7.500000000E-01
      332     2.500000000E-01     5.000000000E-01     7.500000000E-01
      333     8.673617380E-16     5.000000000E-01     7.500000000E-01
      334    -2.500000000E-01     5.000000000E-01     7.500000000E-01
      335    -5.000000000E-01     5.000000000E-01     7.500000000E-01
      336    -7.500000000E-01     5.000000000E-01     7.500000000E-01
      337     7.500000000E-01     7.500000000E-01     7.500000000E-01
      338     5.000000000E-01     7.500000000E-01     7.500000000E-01
      339     2.500000000E-01     7.500000000E-01     7.500000000E-01
      340     8.673617380E-16     7.500000000E-01     7.500000000E-01
      341    -2.500000000E-01     7.500000000E-01     7.500000000E-01
      342    -5.000000000E-01     7.500000000E-01     7.500000000E-01
      343    -7.500000000E-01     7.500000000E-01     7.500000000E-01
      344     1.000000000E+00     7.500000000E-01     7.500000000E-01
      345     1.000000000E+00     5.000000000E-01     7.500000000E-01
      346     1.000000000E+00     2.500000000E-01     7.500000000E-01
      347     1.000000000E+00    -8.673617380E-16     7.500000000E-01
      348     1.000000000E+00    -2.500000000E-01     7.500000000E-01
      349     1.000000000E+00    -5.000000000E-01     7.500000000E-01
      350     1.000000000E+00    -7.500000000E-01     7.500000000E-01
      351     1.000000000E+00     7.500000000E-01     5.000000000E-01
      352     1.000000000E+00     5.000000000E-01     5.000000000E-01
      353     1.000000000E+00     2.500000000E-01     5.000000000E-01
      354     1.000000000E+00    -8.673617380E-16     5.000000000E-01
      355     1.000000000E+00    -2.500000000E-01     5.000000000E-01
      356     1.000000000E+00    -5.000000000E-01     5.000000000E-01
      357     1.000000000E+00    -7.500000000E-01     5.000000000E-01
      358     1.000000000E+00     7.500000000E-01     2.500000000E-01
      359     1.000000000E+00     5.000000000E-01     2.500000000E-01
      360     1.000000000E+00     2.500000000E-01     2.500000000E-01
      361     1.000000000E+00    -8.131516294E-16     2.500000000E-01
      362     1.000000000E+00    -2.500000000E-01     2.500000000E-01
      363     1.000000000E+00    -5.000000000E-01     2.500000000E-01
      364     1.000000000E+00    -7.500000000E-01     2.500000000E-01
      365     1.000000000E+00     7.500000000E-01    -4.336808690E-16
      366     1.000000000E+00     5.000000000E-01    -4.336808690E-16
      367     1.000000000E+00     2.500000000E-01     0.000000000E+00
      368     1.000000000E+00    -8.673617380E-16     0.000000000E+00
      369     1.000000000E+00    -2.500000000E-01    -4.336808690E-16
      370     1.000000000E+00    -5.000000000E-01    -4.336808690E-16
      371     1.000000000E+00    -7.500000000E-01     0.000000000E+00
      372     1.000000000E+00     7.500000000E-01    -2.500000000E-01
      373     1.000000000E+00     5.000000000E-01    -2.500000000E-01
      374     1.000000000E+00     2.500000000E-01    -2.500000000E-01
      375     1.000000000E+00    -8.131516294E-16    -2.500000000E-01
      376     1.000000000E+00    -2.500000000E-01    -2.500000000E-01
      377     1.000000000E+00    -5.000000000E-01    -2.500000000E-01
      378     1.000000000E+00    -7.500000000E-01    -2.500000000E-01
      379     1.000000000E+00     7.500000000E-01    -5.000000000E-01
      380     1.000000000E+00     5.000000000E-01    -5.000000000E-01
      381     1.000000000E+00     2.500000000E-01    -5.000000000E-01
      382     1.000000000E+00    -8.673617380E-16    -5.000000000E-01
      383     1.000000000E+00    -2.500000000E-01    -5.000000000E-01
      384     1.000000000E+00    -5.000000000E-01    -5.000000000E-01
      385     1.000000000E+00    -7.500000000E-01    -5.000000000E-01
      386     1.000000000E+00     7.500000000E-01    -7.500000000E-01
      387     1.000000000E+00     5.000000000E-01    -7.500000000E-01
      388     1.000000000E+00     2.500000000E-01    -7.500000000E-01
      389     1.000000000E+00    -8.673617380E-16    -7.500000000E-01
      390     1.000000000E+00    -2.500000000E-01    -7.500000000E-01
      391     1.000000000E+00    -5.000000000E-01    -7.500000000E-01
      392     1.000000000E+00    -7.500000000E-01    -7.500000000E-01
      393    -1.000000000E+00    -7.500000000E-01    -7.500000000E-01
      394    -1.000000000E+00    -5.000000000E-01    -7.500000000E-01
      395    -1.000000000E+00    -2.500000000E-01    -7.500000000E-01
      396    -1.000000000E+00    -8.673617380E-16    -7.500000000E-01
      397    -1.000000000E+00     2.500000000E-01    -7.500000000E-01
      398    -1.000000000E+00     5.000000000E-01    -7.500000000E-01
      399    -1.000000000E+00     7.500000000E-01    -7.500000000E-01
      400    -1.000000000E+00    -7.500000000E-01    -5.000000000E-01
      401    -1.000000000E+00    -5.000000000E-01    -5.000000000E-01
      402    -1.000000000E+00    -2.500000000E-01    -5.000000000E-01
      403    -1.000000000E+00    -8.673617380E-16    -5.000000000E-01
      404    -1.000000000E+00     2.500000000E-01    -5.000000000E-01
      405    -1.000000000E+00     5.000000000E-01    -5.000000000E-01
      406    -1.000000000E+00     7.500000000E-01    -5.000000000E-01
      407    -1.000000000E+00    -7.500000000E-01    -2.500000000E-01
      408    -1.000000000E+00    -5.000000000E-01    -2.500000000E-01
      409    -1.000000000E+00    -2.500000000E-01    -2.500000000E-01
      410    -1.000000000E+00    -8.673617380E-16    -2.500000000E-01
      411    -1.000000000E+00     2.500000000E-01    -2.500000000E-01
      412    -1.000000000E+00     5.000000000E-01    -2.500000000E-01
      413    -1.000000000E+00     7.500000000E-01    -2.500000000E-01
      414    -1.000000000E+00    -7.500000000E-01    -4.336808690E-16
      415    -1.000000000E+00    -5.000000000E-01    -4.336808690E-16
      416    -1.000000000E+00    -2.500000000E-01    -4.336808690E-16
      417    -1.000000000E+00    -8.673617380E-16    -4.336808690E-16
      418    -1.000000000E+00     2.500000000E-01    -4.336808690E-16
      419    -1.000000000E+00     5.000000000E-01    -4.336808690E-16
      420    -1.000000000E+00     7.500000000E-01    -4.336808690E-16
      421    -1.000000000E+00    -7.500000000E-01     2.500000000E-01
      422    -1.000000000E+00    -5.000000000E-01     2.500000000E-01
      423    -1.000000000E+00    -2.500000000E-01     2.500000000E-01
      424    -1.000000000E+00    -8.673617380E-16     2.500000000E-01
      425    -1.000000000E+00     2.500000000E-01     2.500000000E-01
      426    -1.000000000E+00     5.000000000E-01     2.500000000E-01
      427    -1.000000000E+00     7.500000000E-01     2.500000000E-01
      428    -1.000000000E+00    -7.500000000E-01     5.000000000E-01
      429    -1.000000000E+00    -5.000000000E-01     5.000000000E-01
      430    -1.000000000E+00    -2.500000000E-01     5.000000000E-01
      431    -1.000000000E+00    -8.673617380E-16     5.000000000E-01
      432    -1.000000000E+00     2.500000000E-01     5.000000000E-01
      433    -1.000000000E+00     5.000000000E-01     5.000000000E-01
      434    -1.000000000E+00     7.500000000E-01     5.000000000E-01
      435    -1.000000000E+00    -7.500000000E-01     7.500000000E-01
      436    -1.000000000E+00    -5.000000000E-01     7.500000000E-01
      437    -1.000000000E+00    -2.500000000E-01     7.500000000E-01
      438    -1.000000000E+00    -8.673617380E-16     7.500000000E-01
      439    -1.000000000E+00     2.500000000E-01     7.500000000E-01
      440    -1.000000000E+00     5.000000000E-01     7.500000000E-01
      441    -1.000000000E+00     7.500000000E-01     7.500000000E-01
      442    -1.000000000E+00     7.500000000E-01     1.000000000E+00
      443    -1.000000000E+00     5.000000000E-01     1.000000000E+00
      444    -1.000000000E+00     2.500000000E-01     1.000000000E+00
      445    -1.000000000E+00    -8.673617380E-16     1.000000000E+00
      446    -1.000000000E+00    -2.500000000E-01     1.000000000E+00
      447    -1.000000000E+00    -5.000000000E-01     1.000000000E+00
      448    -1.000000000E+00    -7.500000000E-01     1.000000000E+00
      449    -1.000000000E+00    -1.000000000E+00     1.000000000E+00
      450    -1.000000000E+00    -1.000000000E+00     7.500000000E-01
      451    -1.000000000E+00    -1.000000000E+00     5.000000000E-01
      452    -1.000000000E+00    -1.000000000E+00     2.500000000E-01
      453    -1.000000000E+00    -1.000000000E+00    -4.336808690E-16
      454    -1.000000000E+00    -1.000000000E+00    -2.500000000E-01
      455    -1.000000000E+00    -1.000000000E+00    -5.000000000E-01
      456    -1.000000000E+00    -1.000000000E+00    -7.500000000E-01
      457    -1.000000000E+00     7.500000000E-01    -1.000000000E+00
      458    -1.000000000E+00     5.000000000E-01    -1.000000000E+00
      459    -1.000000000E+00     2.500000000E-01    -1.000000000E+00
      460    -1.000000000E+00    -8.673617380E-16    -1.000000000E+00
      461    -1.000000000E+00    -2.500000000E-01    -1.000000000E+00
      462    -1.000000000E+00    -5.000000000E-01    -1.000000000E+00
      463    -1.000000000E+00    -7.500000000E-01    -1.000000000E+00
      464    -1.000000000E+00    -1.000000000E+00    -1.000000000E+00
      465    -1.000000000E+00     1.000000000E+00     1.000000000E+00
      466    -1.000000000E+00     1.000000000E+00     7.500000000E-01
      467    -1.000000000E+00     1.000000000E+00     5.000000000E-01
      468    -1.000000000E+00     1.000000000E+00     2.500000000E-01
      469    -1.000000000E+00     1.000000000E+00    -4.336808690E-16
      470    -1.000000000E+00     1.000000000E+00    -2.500000000E-01
      471    -1.000000000E+00     1.000000000E+00    -5.000000000E-01
      472    -1.000000000E+00     1.000000000E+00    -7.500000000E-01
      473    -1.000000000E+00     1.000000000E+00    -1.000000000E+00
      474     7.500000000E-01     1.000000000E+00    -7.500000000E-01
      475     7.500000000E-01     1.000000000E+00    -5.000000000E-01
      476     7.500000000E-01     1.000000000E+00    -2.500000000E-01
      477     7.500000000E-01     1.000000000E+00    -4.336808690E-16
      478     7.500000000E-01     1.000000000E+00     2.500000000E-01
      479     7.500000000E-01     1.000000000E+00     5.000000000E-01
      480     7.500000000E-01     1.000000000E+00     7.500000000E-01
      481     5.000000000E-01     1.000000000E+00    -7.500000000E-01
      482     5.000000000E-01     1.000000000E+00    -5.000000000E-01
      483     5.000000000E-01     1.000000000E+00    -2.500000000E-01
      484     5.000000000E-01     1.000000000E+00    -4.336808690E-16
      485     5.000000000E-01     1.000000000E+00     2.500000000E-01
      486     5.000000000E-01     1.000000000E+00     5.000000000E-01
      487     5.000000000E-01     1.000000000E+00     7.500000000E-01
      488     2.500000000E-01     1.000000000E+00    -7.500000000E-01
      489     2.500000000E-01     1.000000000E+00    -5.000000000E-01
      490     2.500000000E-01     1.000000000E+00    -2.500000000E-01
      491     2.500000000E-01     1.000000000E+00    -4.336808690E-16
      492     2.500000000E-01     1.000000000E+00     2.500000000E-01
      493     2.500000000E-01     1.000000000E+00     5.000000000E-01
      494     2.500000000E-01     1.000000000E+00     7.500000000E-01
      495     4.336808690E-16     1.000000000E+00    -7.500000000E-01
      496     4.336808690E-16     1.000000000E+00    -5.000000000E-01
      497     4.336808690E-16     1.000000000E+00    -2.500000000E-01
      498     4.336808690E-16     1.000000000E+00    -4.336808690E-16
      499     4.336808690E-16     1.000000000E+00     2.500000000E-01
      500     4.336808690E-16     1.000000000E+00     5.000000000E-01
      501     4.336808690E-16     1.000000000E+00     7.500000000E-01
      502    -2.500000000E-01     1.000000000E+00    -7.500000000E-01
      503    -2.500000000E-01     1.000000000E+00    -5.000000000E-01
      504    -2.500000000E-01     1.000000000E+00    -2.500000000E-01
      505    -2.500000000E-01     1.000000000E+00    -4.336808690E-16
      506    -2.500000000E-01     1.000000000E+00     2.500000000E-01
      507    -2.500000000E-01     1.000000000E+00     5.000000000E-01
      508    -2.500000000E-01     1.000000000E+00     7.500000000E-01
      509    -5.000000000E-01     1.000000000E+00    -7.500000000E-01
      510    -5.000000000E-01     1.000000000E+00    -5.000000000E-01
      511    -5.000000000E-01     1.000000000E+00    -2.500000000E-01
      512    -5.000000000E-01     1.000000000E+00    -4.336808690E-16
      513    -5.000000000E-01     1.000000000E+00     2.500000000E-01
      514    -5.000000000E-01     1.000000000E+00     5.000000000E-01
      515    -5.000000000E-01     1.000000000E+00     7.500000000E-01
      516    -7.500000000E-01     1.000000000E+00    -7.500000000E-01
      517    -7.500000000E-01     1.000000000E+00    -5.000000000E-01
      518    -7.500000000E-01     1.000000000E+00    -2.500000000E-01
      519    -7.500000000E-01     1.000000000E+00    -4.336808690E-16
      520    -7.500000000E-01     1.000000000E+00     2.500000000E-01
      521    -7.500000000E-01     1.000000000E+00     5.000000000E-01
      522    -7.500000000E-01     1.000000000E+00     7.500000000E-01
      523     1.000000000E+00     1.000000000E+00    -7.500000000E-01
      524     1.000000000E+00     1.000000000E+00    -5.000000000E-01
      525     1.000000000E+00     1.000000000E+00    -2.500000000E-01
      526     1.000000000E+00     1.000000000E+00    -4.336808690E-16
      527     1.000000000E+00     1.000000000E+00     2.500000000E-01
      528     1.000000000E+00     1.000000000E+00     5.000000000E-01
      529     1.000000000E+00     1.000000000E+00     7.500000000E-01
      530     1.000000000E+00     1.000000000E+00     1.000000000E+00
      531     7.500000000E-01     1.000000000E+00     1.000000000E+00
      532     5.000000000E-01     1.000000000E+00     1.000000000E+00
      533     2.500000000E-01     1.000000000E+00     1.000000000E+00
      534     4.336808690E-16     1.000000000E+00     1.000000000E+00
      535    -2.500000000E-01     1.000000000E+00     1.000000000E+00
      536    -5.000000000E-01     1.000000000E+00     1.000000000E+00
      537    -7.500000000E-01     1.000000000E+00     1.000000000E+00
      538     1.000000000E+00     1.000000000E+00    -1.000000000E+00
      539     7.500000000E-01     1.000000000E+00    -1.000000000E+00
      540     5.000000000E-01     1.000000000E+00    -1.000000000E+00
      541     2.500000000E-01     1.000000000E+00    -1.000000000E+00
      542     4.336808690E-16     1.000000000E+00    -1.000000000E+00
      543    -2.500000000E-01     1.000000000E+00    -1.000000000E+00
      544    -5.000000000E-01     1.000000000E+00    -1.000000000E+00
      545    -7.500000000E-01     1.000000000E+00    -1.000000000E+00
      546     7.500000000E-01    -7.500000000E-01    -1.000000000E+00
      547     7.500000000E-01    -5.000000000E-01    -1.000000000E+00
      548     7.500000000E-01    -2.500000000E-01    -1.000000000E+00
      549     7.500000000E-01    -8.673617380E-16    -1.000000000E+00
      550     7.500000000E-01     2.500000000E-01    -1.000000000E+00
      551     7.500000000E-01     5.000000000E-01    -1.000000000E+00
      552     7.500000000E-01     7.500000000E-01    -1.000000000E+00
      553     5.000000000E-01    -7.500000000E-01    -1.000000000E+00
      554     5.000000000E-01    -5.000000000E-01    -1.000000000E+00
      555     5.000000000E-01    -2.500000000E-01    -1.000000000E+00
      556     5.000000000E-01    -8.673617380E-16    -1.000000000E+00
      557     5.000000000E-01     2.500000000E-01    -1.000000000E+00
      558     5.000000000E-01     5.000000000E-01    -1.000000000E+00
      559     5.000000000E-01     7.500000000E-01    -1.000000000E+00
      560     2.500000000E-01    -7.500000000E-01    -1.000000000E+00
      561     2.500000000E-01    -5.000000000E-01    -1.000000000E+00
      562     2.500000000E-01    -2.500000000E-01    -1.000000000E+00
      563     2.500000000E-01    -8.673617380E-16    -1.000000000E+00
      564     2.500000000E-01     2.500000000E-01    -1.000000000E+00
      565     2.500000000E-01     5.000000000E-01    -1.000000000E+00
      566     2.500000000E-01     7.500000000E-01    -1.000000000E+00
      567     1.192622390E-15    -7.500000000E-01    -1.000000000E+00
      568     1.084202172E-15    -5.000000000E-01    -1.000000000E+00
      569     9.757819552E-16    -2.500000000E-01    -1.000000000E+00
      570     8.673617380E-16    -8.673617380E-16    -1.000000000E+00
      571     7.589415207E-16     2.500000000E-01    -1.000000000E+00
      572     6.505213035E-16     5.000000000E-01    -1.000000000E+00
      573     5.421010862E-16     7.500000000E-01    -1.000000000E+00
      574    -2.500000000E-01    -7.500000000E-01    -1.000000000E+00
      575    -2.500000000E-01    -5.000000000E-01    -1.000000000E+00
      576    -2.500000000E-01    -2.500000000E-01    -1.000000000E+00
      577    -2.500000000E-01    -8.673617380E-16    -1.000000000E+00
      578    -2.500000000E-01     2.500000000E-01    -1.000000000E+00
      579    -2.500000000E-01     5.000000000E-01    -1.000000000E+00
      580    -2.500000000E-01     7.500000000E-01    -1.000000000E+00
      581    -5.000000000E-01    -7.500000000E-01    -1.000000000E+00
      582    -5.000000000E-01    -5.000000000E-01    -1.000000000E+00
      583    -5.000000000E-01    -2.500000000E-01    -1.000000000E+00
      584    -5.000000000E-01    -8.673617380E-16    -1.000000000E+00
      585    -5.000000000E-01     2.500000000E-01    -1.000000000E+00
      586    -5.000000000E-01     5.000000000E-01    -1.000000000E+00
      587    -5.000000000E-01     7.500000000E-01    -1.000000000E+00
      588    -7.500000000E-01    -7.500000000E-01    -1.000000000E+00
      589    -7.500000000E-01    -5.000000000E-01    -1.000000000E+00
      590    -7.500000000E-01    -2.500000000E-01    -1.000000000E+00
      591    -7.500000000E-01    -8.673617380E-16    -1.000000000E+00
      592    -7.500000000E-01     2.500000000E-01    -1.000000000E+00
      593    -7.500000000E-01     5.000000000E-01    -1.000000000E+00
      594    -7.500000000E-01     7.500000000E-01    -1.000000000E+00
      595     1.000000000E+00     7.500000000E-01    -1.000000000E+00
      596     1.000000000E+00     5.000000000E-01    -1.000000000E+00
      597     1.000000000E+00     2.500000000E-01    -1.000000000E+00
      598     1.000000000E+00    -8.673617380E-16    -1.000000000E+00
      599     1.000000000E+00    -2.500000000E-01    -1.000000000E+00
      600     1.000000000E+00    -5.000000000E-01    -1.000000000E+00
      601     1.000000000E+00    -7.500000000E-01    -1.000000000E+00
      602    -7.500000000E-01    -1.000000000E+00    -1.000000000E+00
      603    -5.000000000E-01    -1.000000000E+00    -1.000000000E+00
      604    -2.500000000E-01    -1.000000000E+00    -1.000000000E+00
      605     1.301042607E-15    -1.000000000E+00    -1.000000000E+00
      606     2.500000000E-01    -1.000000000E+00    -1.000000000E+00
      607     5.000000000E-01    -1.000000000E+00    -1.000000000E+00
      608     7.500000000E-01    -1.000000000E+00    -1.000000000E+00
      609     1.000000000E+00    -1.000000000E+00    -1.000000000E+00
      610     7.500000000E-01    -1.000000000E+00     7.500000000E-01
      611     7.500000000E-01    -1.000000000E+00     5.000000000E-01
      612     7.500000000E-01    -1.000000000E+00     2.500000000E-01
      613     7.500000000E-01    -1.000000000E+00    -4.336808690E-16
      614     7.500000000E-01    -1.000000000E+00    -2.500000000E-01
      615     7.500000000E-01    -1.000000000E+00    -5.000000000E-01
      616     7.500000000E-01    -1.000000000E+00    -7.500000000E-01
      617     5.000000000E-01    -1.000000000E+00     7.500000000E-01
      618     5.000000000E-01    -1.000000000E+00     5.000000000E-01
      619     5.000000000E-01    -1.000000000E+00     2.500000000E-01
      620     5.000000000E-01    -1.000000000E+00    -4.336808690E-16
      621     5.000000000E-01    -1.000000000E+00    -2.500000000E-01
      622     5.000000000E-01    -1.000000000E+00    -5.000000000E-01
      623     5.000000000E-01    -1.000000000E+00    -7.500000000E-01
      624     2.500000000E-01    -1.000000000E+00     7.500000000E-01
      625     2.500000000E-01    -1.000000000E+00     5.000000000E-01
      626     2.500000000E-01    -1.000000000E+00     2.500000000E-01
      627     2.500000000E-01    -1.000000000E+00    -4.336808690E-16
      628     2.500000000E-01    -1.000000000E+00    -2.500000000E-01
      629     2.500000000E-01    -1.000000000E+00    -5.000000000E-01
      630     2.500000000E-01    -1.000000000E+00    -7.500000000E-01
      631     1.301042607E-15    -1.000000000E+00     7.500000000E-01
      632     1.301042607E-15    -1.000000000E+00     5.000000000E-01
      633     1.301042607E-15    -1.000000000E+00     2.500000000E-01
      634     1.301042607E-15    -1.000000000E+00    -4.336808690E-16
      635     1.301042607E-15    -1.000000000E+00    -2.500000000E-01
      636     1.301042607E-15    -1.000000000E+00    -5.000000000E-01
      637     1.301042607E-15    -1.000000000E+00    -7.500000000E-01
      638    -2.500000000E-01    -1.000000000E+00     7.500000000E-01
      639    -2.500000000E-01    -1.000000000E+00     5.000000000E-01
      640    -2.500000000E-01    -1.000000000E+00     2.500000000E-01
      641    -2.500000000E-01    -1.000000000E+00    -4.336808690E-16
      642    -2.500000000E-01    -1.000000000E+00    -2.500000000E-01
      643    -2.500000000E-01    -1.000000000E+00    -5.000000000E-01
      644    -2.500000000E-01    -1.000000000E+00    -7.500000000E-01
      645    -5.000000000E-01    -1.000000000E+00     7.500000000E-01
      646    -5.000000000E-01    -1.000000000E+00     5.000000000E-01
      647    -5.000000000E-01    -1.000000000E+00     2.500000000E-01
      648    -5.000000000E-01    -1.000000000E+00    -4.336808690E-16
      649    -5.000000000E-01    -1.000000000E+00    -2.500000000E-01
      650    -5.000000000E-01    -1.000000000E+00    -5.000000000E-01
      651    -5.000000000E-01    -1.000000000E+00    -7.500000000E-01
      652    -7.500000000E-01    -1.000000000E+00     7.500000000E-01
      653    -7.500000000E-01    -1.000000000E+00     5.000000000E-01
      654    -7.500000000E-01    -1.000000000E+00     2.500000000E-01
      655    -7.500000000E-01    -1.000000000E+00    -4.336808690E-16
      656    -7.500000000E-01    -1.000000000E+00    -2.500000000E-01
      657    -7.500000000E-01    -1.000000000E+00    -5.000000000E-01
      658    -7.500000000E-01    -1.000000000E+00    -7.500000000E-01
      659     1.000000000E+00    -1.000000000E+00    -7.500000000E-01
      660     1.000000000E+00    -1.000000000E+00    -5.000000000E-01
      661     1.000000000E+00    -1.000000000E+00    -2.500000000E-01
      662     1.000000000E+00    -1.000000000E+00    -4.336808690E-16
      663     1.000000000E+00    -1.000000000E+00     2.500000000E-01
      664     1.000000000E+00    -1.000000000E+00     5.000000000E-01
      665     1.000000000E+00    -1.000000000E+00     7.500000000E-01
      666    -7.500000000E-01    -1.000000000E+00     1.000000000E+00
      667    -5.000000000E-01    -1.000000000E+00     1.000000000E+00
      668    -2.500000000E-01    -1.000000000E+00     1.000000000E+00
      669     1.301042607E-15    -1.000000000E+00     1.000000000E+00
      670     2.500000000E-01    -1.000000000E+00     1.000000000E+00
      671     5.000000000E-01    -1.000000000E+00     1.000000000E+00
      672     7.500000000E-01    -1.000000000E+00     1.000000000E+00
      673     1.000000000E+00    -1.000000000E+00     1.000000000E+00
      674    -7.500000000E-01    -7.500000000E-01     1.000000000E+00
      675    -7.500000000E-01    -5.000000000E-01     1.000000000E+00
      676    -7.500000000E-01    -2.500000000E-01     1.000000000E+00
      677    -7.500000000E-01    -8.673617380E-16     1.000000000E+00
      678    -7.500000000E-01     2.500000000E-01     1.000000000E+00
      679    -7.500000000E-01     5.000000000E-01     1.000000000E+00
      680    -7.500000000E-01     7.500000000E-01     1.000000000E+00
      681    -5.000000000E-01    -7.500000000E-01     1.000000000E+00
      682    -5.000000000E-01    -5.000000000E-01     1.000000000E+00
      683    -5.000000000E-01    -2.500000000E-01     1.000000000E+00
      684    -5.000000000E-01    -8.673617380E-16     1.000000000E+00
      685    -5.000000000E-01     2.500000000E-01     1.000000000E+00
      686    -5.000000000E-01     5.000000000E-01     1.000000000E+00
      687    -5.000000000E-01     7.500000000E-01     1.000000000E+00
      688    -2.500000000E-01    -7.500000000E-01     1.000000000E+00
      689    -2.500000000E-01    -5.000000000E-01     1.000000000E+00
      690    -2.500000000E-01    -2.500000000E-01     1.000000000E+00
      691    -2.500000000E-01    -8.673617380E-16     1.000000000E+00
      692    -2.500000000E-01     2.500000000E-01     1.000000000E+00
      693    -2.500000000E-01     5.000000000E-01     1.000000000E+00
      694    -2.500000000E-01     7.500000000E-01     1.000000000E+00
      695     1.192622390E-15    -7.500000000E-01     1.000000000E+00
      696     1.084202172E-15    -5.000000000E-01     1.000000000E+00
      697     9.757819552E-16    -2.500000000E-01     1.000000000E+00
      698     8.673617380E-16    -8.673617380E-16     1.000000000E+00
      699     7.589415207E-16     2.500000000E-01     1.000000000E+00
      700     6.505213035E-16     5.000000000E-01     1.000000000E+00
      701     5.421010862E-16     7.500000000E-01     1.000000000E+00
      702     2.500000000E-01    -7.500000000E-01     1.000000000E+00
      703     2.500000000E-01    -5.000000000E-01     1.000000000E+00
      704     2.500000000E-01    -2.500000000E-01     1.000000000E+00
      705     2.500000000E-01    -8.673617380E-16     1.000000000E+00
      706     2.500000000E-01     2.500000000E-01     1.000000000E+00
      707     2.500000000E-01     5.000000000E-01     1.000000000E+00
      708     2.500000000E-01     7.500000000E-01     1.000000000E+00
      709     5.000000000E-01    -7.500000000E-01     1.000000000E+00
      710     5.000000000E-01    -5.000000000E-01     1.000000000E+00
      711     5.000000000E-01    -2.500000000E-01     1.000000000E+00
      712     5.000000000E-01    -8.673617380E-16     1.000000000E+00
      713     5.000000000E-01     2.500000000E-01     1.000000000E+00
      714     5.000000000E-01     5.000000000E-01     1.000000000E+00
      715     5.000000000E-01     7.500000000E-01     1.000000000E+00
      716     7.500000000E-01    -7.500000000E-01     1.000000000E+00
      717     7.500000000E-01    -5.000000000E-01     1.000000000E+00
      718     7.500000000E-01    -2.500000000E-01     1.000000000E+00
      719     7.500000000E-01    -8.673617380E-16     1.000000000E+00
      720     7.500000000E-01     2.500000000E-01     1.000000000E+00
      721     7.500000000E-01     5.000000000E-01     1.000000000E+00
      722     7.500000000E-01     7.500000000E-01     1.000000000E+00
      723     1.000000000E+00     7.500000000E-01     1.000000000E+00
      724     1.000000000E+00     5.000000000E-01     1.000000000E+00
      725     1.000000000E+00     2.500000000E-01     1.000000000E+00
      726     1.000000000E+00    -8.673617380E-16     1.000000000E+00
      727     1.000000000E+00    -2.500000000E-01     1.000000000E+00
      728     1.000000000E+00    -5.000000000E-01     1.000000000E+00
      729     1.000000000E+00    -7.500000000E-01     1.000000000E+00
-1
/wb,elem,start            !  set before creation of elements
/com,*********** Elements for Body 1 'SYS-27\Solid' ***********
et,1,185
eblock,19,solid,,512
(19i9)
        1        1        1        1        0        0        0        0        8        0        1        1      616      608      546      392      659      609      601
        1        1        1        1        0        0        0        0        8        0        2        1      546      608      616        2      553      607      623
        1        1        1        1        0        0        0        0        8        0        3        2      553      607      623        3      560      606      630
        1        1        1        1        0        0        0        0        8        0        4        3      560      606      630        4      567      605      637
        1        1        1        1        0        0        0        0        8        0        5        4      567      605      637        5      574      604      644
        1        1        1        1        0        0        0        0        8        0        6        5      574      604      644        6      581      603      651
        1        1        1        1        0        0        0        0        8        0        7        6      581      603      651        7      588      602      658
        1        1        1        1        0        0        0        0        8        0        8        7      588      602      658      393      463      464      456
        1        1        1        1        0        0        0        0        8        0        9        1       50      615      616      392      385      660      659
        1        1        1        1        0        0        0        0        8        0       10        1      616      615       50        2      623      622       51
        1        1        1        1        0        0        0        0        8        0       11        2      623      622       51        3      630      629       52
        1        1        1        1        0        0        0        0        8        0       12        3      630      629       52        4      637      636       53
        1        1        1        1        0        0        0        0        8        0       13        4      637      636       53        5      644      643       54
        1        1        1        1        0        0        0        0        8        0       14        5      644      643       54        6      651      650       55
        1        1        1        1        0        0        0        0        8        0       15        6      651      650       55        7      658      657       56
        1        1        1        1        0        0        0        0        8        0       16        7      658      657       56      393      456      455      400
        1        1        1        1        0        0        0        0        8        0       17       50       99      614      615      385      378      661      660
        1        1        1        1        0        0        0        0        8        0       18       50      615      614       99       51      622      621      100
        1        1        1        1        0        0        0        0        8        0       19       51      622      621      100       52      629      628      101
        1        1        1        1        0        0        0        0        8        0       20       52      629      628      101       53      636      635      102
        1        1        1        1        0        0        0        0        8        0       21       53      636      635      102       54      643      642      103
        1        1        1        1        0        0        0        0        8        0       22       54      643      642      103       55      650      649      104
        1        1        1        1        0        0        0        0        8        0       23       55      650      649      104       56      657      656      105
        1        1        1        1        0        0        0        0        8        0       24       56      657      656      105      400      455      454      407
        1        1        1        1        0        0        0        0        8        0       25       99      148      613      614      378      371      662      661
        1        1        1        1        0        0        0        0        8        0       26       99      614      613      148      100      621      620      149
        1        1        1        1        0        0        0        0        8        0       27      100      621      620      149      101      628      627      150
        1        1        1        1        0        0        0        0        8        0       28      101      628      627      150      102      635      634      151
        1        1        1        1        0        0        0        0        8        0       29      102      635      634      151      103      642      641      152
        1        1        1        1        0        0        0        0        8        0       30      103      642      641      152      104      649      648      153
        1        1        1        1        0        0        0        0        8        0       31      104      649      648      153      105      656      655      154
        1        1        1        1        0        0        0        0        8        0       32      105      656      655      154      407      454      453      414
        1        1        1        1        0        0        0        0        8        0       33      148      197      612      613      371      364      663      662
        1        1        1        1        0        0        0        0        8        0       34      148      613      612      197      149      620      619      198
        1        1        1        1        0        0        0        0        8        0       35      149      620      619      198      150      627      626      199
        1        1        1        1        0        0        0        0        8        0       36      150      627      626      199      151      634      633      200
        1        1        1        1        0        0        0        0        8        0       37      151      634      633      200      152      641      640      201
        1        1        1        1        0        0        0        0        8        0       38      152      641      640      201      153      648      647      202
        1        1        1        1        0        0        0        0        8        0       39      153      648      647      202      154      655      654      203
        1        1        1        1        0        0        0        0        8        0       40      154      655      654      203      414      453      452      421
        1        1        1        1        0        0        0        0        8        0       41      197      246      611      612      364      357      664      663
        1        1        1        1        0        0        0        0        8        0       42      197      612      611      246      198      619      618      247
        1        1        1        1        0        0        0        0        8        0       43      198      619      618      247      199      626      625      248
        1        1        1        1        0        0        0        0        8        0       44      199      626      625      248      200      633      632      249
        1        1        1        1        0        0        0        0        8        0       45      200      633      632      249      201      640      639      250
        1        1        1        1        0        0        0        0        8        0       46      201      640      639      250      202      647      646      251
        1        1        1        1        0        0        0        0        8        0       47      202      647      646      251      203      654      653      252
        1        1        1        1        0        0        0        0        8        0       48      203      654      653      252      421      452      451      428
        1        1        1        1        0        0        0        0        8        0       49      246      295      610      611      357      350      665      664
        1        1        1        1        0        0        0        0        8        0       50      246      611      610      295      247      618      617      296
        1        1        1        1        0        0        0        0        8        0       51      247      618      617      296      248      625      624      297
        1        1        1        1        0        0        0        0        8        0       52      248      625      624      297      249      632      631      298
        1        1        1        1        0        0        0        0        8        0       53      249      632      631      298      250      639      638      299
        1        1        1        1        0        0        0        0        8        0       54      250      639      638      299      251      646      645      300
        1        1        1        1        0        0        0        0        8        0       55      251      646      645      300      252      653      652      301
        1        1        1        1        0        0        0        0        8        0       56      252      653      652      301      428      451      450      435
        1        1        1        1        0        0        0        0        8        0       57      295      716      672      610      350      729      673      665
        1        1        1        1        0        0        0        0        8        0       58      295      610      672      716      296      617      671      709
        1        1        1        1        0        0        0        0        8        0       59      296      617      671      709      297      624      670      702
        1        1        1        1        0        0        0        0        8        0       60      297      624      670      702      298      631      669      695
        1        1        1        1        0        0        0        0        8        0       61      298      631      669      695      299      638      668      688
        1        1        1        1        0        0        0        0        8        0       62      299      638      668      688      300      645      667      681
        1        1        1        1        0        0        0        0        8        0       63      300      645      667      681      301      652      666      674
        1        1        1        1        0        0        0        0        8        0       64      301      652      666      674      435      450      449      448
        1        1        1        1        0        0        0        0        8        0       65        1      546      547        8      392      601      600      391
        1        1        1        1        0        0        0        0        8        0       66        1        8      547      546        2        9      554      553
        1        1        1        1        0        0        0        0        8        0       67        2        9      554      553        3       10      561      560
        1        1        1        1        0        0        0        0        8        0       68        3       10      561      560        4       11      568      567
        1        1        1        1        0        0        0        0        8        0       69        4       11      568      567        5       12      575      574
        1        1        1        1        0        0        0        0        8        0       70        5       12      575      574        6       13      582      581
        1        1        1        1        0        0        0        0        8        0       71        6       13      582      581        7       14      589      588
        1        1        1        1        0        0        0        0        8        0       72        7       14      589      588      393      394      462      463
        1        1        1        1        0        0        0        0        8        0       73        1        8       57       50      392      391      384      385
        1        1        1        1        0        0        0        0        8        0       74        1       50       57        8        2       51       58        9
        1        1        1        1        0        0        0        0        8        0       75        2       51       58        9        3       52       59       10
        1        1        1        1        0        0        0        0        8        0       76        3       52       59       10        4       53       60       11
        1        1        1        1        0        0        0        0        8        0       77        4       53       60       11        5       54       61       12
        1        1        1        1        0        0        0        0        8        0       78        5       54       61       12        6       55       62       13
        1        1        1        1        0        0        0        0        8        0       79        6       55       62       13        7       56       63       14
        1        1        1        1        0        0        0        0        8        0       80        7       56       63       14      393      400      401      394
        1        1        1        1        0        0        0        0        8        0       81       50       57      106       99      385      384      377      378
        1        1        1        1        0        0        0        0        8        0       82       50       99      106       57       51      100      107       58
        1        1        1        1        0        0        0        0        8        0       83       51      100      107       58       52      101      108       59
        1        1        1        1        0        0        0        0        8        0       84       52      101      108       59       53      102      109       60
        1        1        1        1        0        0        0        0        8        0       85       53      102      109       60       54      103      110       61
        1        1        1        1        0        0        0        0        8        0       86       54      103      110       61       55      104      111       62
        1        1        1        1        0        0        0        0        8        0       87       55      104      111       62       56      105      112       63
        1        1        1        1        0        0        0        0        8        0       88       56      105      112       63      400      407      408      401
        1        1        1        1        0        0        0        0        8        0       89       99      106      155      148      378      377      370      371
        1        1        1        1        0        0        0        0        8        0       90       99      148      155      106      100      149      156      107
        1        1        1        1        0        0        0        0        8        0       91      100      149      156      107      101      150      157      108
        1        1        1        1        0        0        0        0        8        0       92      101      150      157      108      102      151      158      109
        1        1        1        1        0        0        0        0        8        0       93      102      151      158      109      103      152      159      110
        1        1        1        1        0        0        0        0        8        0       94      103      152      159      110      104      153      160      111
        1        1        1        1        0        0        0        0        8        0       95      104      153      160      111      105      154      161      112
        1        1        1        1        0        0        0        0        8        0       96      105      154      161      112      407      414      415      408
        1        1        1        1        0        0        0        0        8        0       97      148      155      204      197      371      370      363      364
        1        1        1        1        0        0        0        0        8        0       98      148      197      204      155      149      198      205      156
        1        1        1        1        0        0        0        0        8        0       99      149      198      205      156      150      199      206      157
        1        1        1        1        0        0        0        0        8        0      100      150      199      206      157      151      200      207      158
        1        1        1        1        0        0        0        0        8        0      101      151      200      207      158      152      201      208      159
        1        1        1        1        0        0        0        0        8        0      102      152      201      208      159      153      202      209      160
        1        1        1        1        0        0        0        0        8        0      103      153      202      209      160      154      203      210      161
        1        1        1        1        0        0        0        0        8        0      104      154      203      210      161      414      421      422      415
        1        1        1        1        0        0        0        0        8        0      105      197      204      253      246      364      363      356      357
        1        1        1        1        0        0        0        0        8        0      106      197      246      253      204      198      247      254      205
        1        1        1        1        0        0        0        0        8        0      107      198      247      254      205      199      248      255      206
        1        1        1        1        0        0        0        0        8        0      108      199      248      255      206      200      249      256      207
        1        1        1        1        0        0        0        0        8        0      109      200      249      256      207      201      250      257      208
        1        1        1        1        0        0        0        0        8        0      110      201      250      257      208      202      251      258      209
        1        1        1        1        0        0        0        0        8        0      111      202      251      258      209      203      252      259      210
        1        1        1        1        0        0        0        0        8        0      112      203      252      259      210      421      428      429      422
        1        1        1        1        0        0        0        0        8        0      113      246      253      302      295      357      356      349      350
        1        1        1        1        0        0        0        0        8        0      114      246      295      302      253      247      296      303      254
        1        1        1        1        0        0        0        0        8        0      115      247      296      303      254      248      297      304      255
        1        1        1        1        0        0        0        0        8        0      116      248      297      304      255      249      298      305      256
        1        1        1        1        0        0        0        0        8        0      117      249      298      305      256      250      299      306      257
        1        1        1        1        0        0        0        0        8        0      118      250      299      306      257      251      300      307      258
        1        1        1        1        0        0        0        0        8        0      119      251      300      307      258      252      301      308      259
        1        1        1        1        0        0        0        0        8        0      120      252      301      308      259      428      435      436      429
        1        1        1        1        0        0        0        0        8        0      121      295      302      717      716      350      349      728      729
        1        1        1        1        0        0        0        0        8        0      122      295      716      717      302      296      709      710      303
        1        1        1        1        0        0        0        0        8        0      123      296      709      710      303      297      702      703      304
        1        1        1        1        0        0        0        0        8        0      124      297      702      703      304      298      695      696      305
        1        1        1        1        0        0        0        0        8        0      125      298      695      696      305      299      688      689      306
        1        1        1        1        0        0        0        0        8        0      126      299      688      689      306      300      681      682      307
        1        1        1        1        0        0        0        0        8        0      127      300      681      682      307      301      674      675      308
        1        1        1        1        0        0        0        0        8        0      128      301      674      675      308      435      448      447      436
        1        1        1        1        0        0        0        0        8        0      129        8      547      548       15      391      600      599      390
        1        1        1        1        0        0        0        0        8        0      130        8       15      548      547        9       16      555      554
        1        1        1        1        0        0        0        0        8        0      131        9       16      555      554       10       17      562      561
        1        1        1        1        0        0        0        0        8        0      132       10       17      562      561       11       18      569      568
        1        1        1        1        0        0        0        0        8        0      133       11       18      569      568       12       19      576      575
        1        1        1        1        0        0        0        0        8        0      134       12       19      576      575       13       20      583      582
        1        1        1        1        0        0        0        0        8        0      135       13       20      583      582       14       21      590      589
        1        1        1        1        0        0        0        0        8        0      136       14       21      590      589      394      395      461      462
        1        1        1        1        0        0        0        0        8        0      137        8       15       64       57      391      390      383      384
        1        1        1        1        0        0        0        0        8        0      138        8       57       64       15        9       58       65       16
        1        1        1        1        0        0        0        0        8        0      139        9       58       65       16       10       59       66       17
        1        1        1        1        0        0        0        0        8        0      140       10       59       66       17       11       60       67       18
        1        1        1        1        0        0        0        0        8        0      141       11       60       67       18       12       61       68       19
        1        1        1        1        0        0        0        0        8        0      142       12       61       68       19       13       62       69       20
        1        1        1        1        0        0        0        0        8        0      143       13       62       69       20       14       63       70       21
        1        1        1        1        0        0        0        0        8        0      144       14       63       70       21      394      401      402      395
        1        1        1        1        0        0        0        0        8        0      145       57       64      113      106      384      383      376      377
        1        1        1        1        0        0        0        0        8        0      146       57      106      113       64       58      107      114       65
        1        1        1        1        0        0        0        0        8        0      147       58      107      114       65       59      108      115       66
        1        1        1        1        0        0        0        0        8        0      148       59      108      115       66       60      109      116       67
        1        1        1        1        0        0        0        0        8        0      149       60      109      116       67       61      110      117       68
        1        1        1        1        0        0        0        0        8        0      150       61      110      117       68       62      111      118       69
        1        1        1        1        0        0        0        0        8        0      151       62      111      118       69       63      112      119       70
        1        1        1        1        0        0        0        0        8        0      152       63      112      119       70      401      408      409      402
        1        1        1        1        0        0        0        0        8        0      153      106      113      162      155      377      376      369      370
        1        1        1        1        0        0        0        0        8        0      154      106      155      162      113      107      156      163      114
        1        1        1        1        0        0        0        0        8        0      155      107      156      163      114      108      157      164      115
        1        1        1        1        0        0        0        0        8        0      156      108      157      164      115      109      158      165      116
        1        1        1        1        0        0        0        0        8        0      157      109      158      165      116      110      159      166      117
        1        1        1        1        0        0        0        0        8        0      158      110      159      166      117      111      160      167      118
        1        1        1        1        0        0        0        0        8        0      159      111      160      167      118      112      161      168      119
        1        1        1        1        0        0        0        0        8        0      160      112      161      168      119      408      415      416      409
        1        1        1        1        0        0        0        0        8        0      161      155      162      211      204      370      369      362      363
        1        1        1        1        0        0        0        0        8        0      162      155      204      211      162      156      205      212      163
        1        1        1        1        0        0        0        0        8        0      163      156      205      212      163      157      206      213      164
        1        1        1        1        0        0        0        0        8        0      164      157      206      213      164      158      207      214      165
        1        1        1        1        0        0        0        0        8        0      165      158      207      214      165      159      208      215      166
        1        1        1        1        0        0        0        0        8        0      166      159      208      215      166      160      209      216      167
        1        1        1        1        0        0        0        0        8        0      167      160      209      216      167      161      210      217      168
        1        1        1        1        0        0        0        0        8        0      168      161      210      217      168      415      422      423      416
        1        1        1        1        0        0        0        0        8        0      169      204      211      260      253      363      362      355      356
        1        1        1        1        0        0        0        0        8        0      170      204      253      260      211      205      254      261      212
        1        1        1        1        0        0        0        0        8        0      171      205      254      261      212      206      255      262      213
        1        1        1        1        0        0        0        0        8        0      172      206      255      262      213      207      256      263      214
        1        1        1        1        0        0        0        0        8        0      173      207      256      263      214      208      257      264      215
        1        1        1        1        0        0        0        0        8        0      174      208      257      264      215      209      258      265      216
        1        1        1        1        0        0        0        0        8        0      175      209      258      265      216      210      259      266      217
        1        1        1        1        0        0        0        0        8        0      176      210      259      266      217      422      429      430      423
        1        1        1        1        0        0        0        0        8        0      177      253      260      309      302      356      355      348      349
        1        1        1        1        0        0        0        0        8        0      178      253      302      309      260      254      303      310      261
        1        1        1        1        0        0        0        0        8        0      179      254      303      310      261      255      304      311      262
        1        1        1        1        0        0        0        0        8        0      180      255      304      311      262      256      305      312      263
        1        1        1        1        0        0        0        0        8        0      181      256      305      312      263      257      306      313      264
        1        1        1        1        0        0        0        0        8        0      182      257      306      313      264      258      307      314      265
        1        1        1        1        0        0        0        0        8        0      183      258      307      314      265      259      308      315      266
        1        1        1        1        0        0        0        0        8        0      184      259      308      315      266      429      436      437      430
        1        1        1        1        0        0        0        0        8        0      185      302      309      718      717      349      348      727      728
        1        1        1        1        0        0        0        0        8        0      186      302      717      718      309      303      710      711      310
        1        1        1        1        0        0        0        0        8        0      187      303      710      711      310      304      703      704      311
        1        1        1        1        0        0        0        0        8        0      188      304      703      704      311      305      696      697      312
        1        1        1        1        0        0        0        0        8        0      189      305      696      697      312      306      689      690      313
        1        1        1        1        0        0        0        0        8        0      190      306      689      690      313      307      682      683      314
        1        1        1        1        0        0        0        0        8        0      191      307      682      683      314      308      675      676      315
        1        1        1        1        0        0        0        0        8        0      192      308      675      676      315      436      447      446      437
        1        1        1        1        0        0        0        0        8        0      193       15      548      549       22      390      599      598      389
        1        1        1        1        0        0        0        0        8        0      194       15       22      549      548       16       23      556      555
        1        1        1        1        0        0        0        0        8        0      195       16       23      556      555       17       24      563      562
        1        1        1        1        0        0        0        0        8        0      196       17       24      563      562       18       25      570      569
        1        1        1        1        0        0        0        0        8        0      197       18       25      570      569       19       26      577      576
        1        1        1        1        0        0        0        0        8        0      198       19       26      577      576       20       27      584      583
        1        1        1        1        0        0        0        0        8        0      199       20       27      584      583       21       28      591      590
        1        1        1        1        0        0        0        0        8        0      200       21       28      591      590      395      396      460      461
        1        1        1        1        0        0        0        0        8        0      201       15       22       71       64      390      389      382      383
        1        1        1        1        0        0        0        0        8        0      202       15       64       71       22       16       65       72       23
        1        1        1        1        0        0        0        0        8        0      203       16       65       72       23       17       66       73       24
        1        1        1        1        0        0        0        0        8        0      204       17       66       73       24       18       67       74       25
        1        1        1        1        0        0        0        0        8        0      205       18       67       74       25       19       68       75       26
        1        1        1        1        0        0        0        0        8        0      206       19       68       75       26       20       69       76       27
        1        1        1        1        0        0        0        0        8        0      207       20       69       76       27       21       70       77       28
        1        1        1        1        0        0        0        0        8        0      208       21       70       77       28      395      402      403      396
        1        1        1        1        0        0        0        0        8        0      209       64       71      120      113      383      382      375      376
        1        1        1        1        0        0        0        0        8        0      210       64      113      120       71       65      114      121       72
        1        1        1        1        0        0        0        0        8        0      211       65      114      121       72       66      115      122       73
        1        1        1        1        0        0        0        0        8        0      212       66      115      122       73       67      116      123       74
        1        1        1        1        0        0        0        0        8        0      213       67      116      123       74       68      117      124       75
        1        1        1        1        0        0        0        0        8        0      214       68      117      124       75       69      118      125       76
        1        1        1        1        0        0        0        0        8        0      215       69      118      125       76       70      119      126       77
        1        1        1        1        0        0        0        0        8        0      216       70      119      126       77      402      409      410      403
        1        1        1        1        0        0        0        0        8        0      217      113      120      169      162      376      375      368      369
        1        1        1        1        0        0        0        0        8        0      218      113      162      169      120      114      163      170      121
        1        1        1        1        0        0        0        0        8        0      219      114      163      170      121      115      164      171      122
        1        1        1        1        0        0        0        0        8        0      220      115      164      171      122      116      165      172      123
        1        1        1        1        0        0        0        0        8        0      221      116      165      172      123      117      166      173      124
        1        1        1        1        0        0        0        0        8        0      222      117      166      173      124      118      167      174      125
        1        1        1        1        0        0        0        0        8        0      223      118      167      174      125      119      168      175      126
        1        1        1        1        0        0        0        0        8        0      224      119      168      175      126      409      416      417      410
        1        1        1        1        0        0        0        0        8        0      225      162      169      218      211      369      368      361      362
        1        1        1        1        0        0        0        0        8        0      226      162      211      218      169      163      212      219      170
        1        1        1        1        0        0        0        0        8        0      227      163      212      219      170      164      213      220      171
        1        1        1        1        0        0        0        0        8        0      228      164      213      220      171      165      214      221      172
        1        1        1        1        0        0        0        0        8        0      229      165      214      221      172      166      215      222      173
        1        1        1        1        0        0        0        0        8        0      230      166      215      222      173      167      216      223      174
        1        1        1        1        0        0        0        0        8        0      231      167      216      223      174      168      217      224      175
        1        1        1        1        0        0        0        0        8        0      232      168      217      224      175      416      423      424      417
        1        1        1        1        0        0        0        0        8        0      233      211      218      267      260      362      361      354      355
        1        1        1        1        0        0        0        0        8        0      234      211      260      267      218      212      261      268      219
        1        1        1        1        0        0        0        0        8        0      235      212      261      268      219      213      262      269      220
        1        1        1        1        0        0        0        0        8        0      236      213      262      269      220      214      263      270      221
        1        1        1        1        0        0        0        0        8        0      237      214      263      270      221      215      264      271      222
        1        1        1        1        0        0        0        0        8        0      238      215      264      271      222      216      265      272      223
        1        1        1        1        0        0        0        0        8        0      239      216      265      272      223      217      266      273      224
        1        1        1        1        0        0        0        0        8        0      240      217      266      273      224      423      430      431      424
        1        1        1        1        0        0        0        0        8        0      241      260      267      316      309      355      354      347      348
        1        1        1        1        0        0        0        0        8        0      242      260      309      316      267      261      310      317      268
        1        1        1        1        0        0        0        0        8        0      243      261      310      317      268      262      311      318      269
        1        1        1        1        0        0        0        0        8        0      244      262      311      318      269      263      312      319      270
        1        1        1        1        0        0        0        0        8        0      245      263      312      319      270      264      313      320      271
        1        1        1        1        0        0        0        0        8        0      246      264      313      320      271      265      314      321      272
        1        1        1        1        0        0        0        0        8        0      247      265      314      321      272      266      315      322      273
        1        1        1        1        0        0        0        0        8        0      248      266      315      322      273      430      437      438      431
        1        1        1        1        0        0        0        0        8        0      249      309      316      719      718      348      347      726      727
        1        1        1        1        0        0        0        0        8        0      250      309      718      719      316      310      711      712      317
        1        1        1        1        0        0        0        0        8        0      251      310      711      712      317      311      704      705      318
        1        1        1        1        0        0        0        0        8        0      252      311      704      705      318      312      697      698      319
        1        1        1        1        0        0        0        0        8        0      253      312      697      698      319      313      690      691      320
        1        1        1        1        0        0        0        0        8        0      254      313      690      691      320      314      683      684      321
        1        1        1        1        0        0        0        0        8        0      255      314      683      684      321      315      676      677      322
        1        1        1        1        0        0        0        0        8        0      256      315      676      677      322      437      446      445      438
        1        1        1        1        0        0        0        0        8        0      257       22      549      550       29      389      598      597      388
        1        1        1        1        0        0        0        0        8        0      258       22       29      550      549       23       30      557      556
        1        1        1        1        0        0        0        0        8        0      259       23       30      557      556       24       31      564      563
        1        1        1        1        0        0        0        0        8        0      260       24       31      564      563       25       32      571      570
        1        1        1        1        0        0        0        0        8        0      261       25       32      571      570       26       33      578      577
        1        1        1        1        0        0        0        0        8        0      262       26       33      578      577       27       34      585      584
        1        1        1        1        0        0        0        0        8        0      263       27       34      585      584       28       35      592      591
        1        1        1        1        0        0        0        0        8        0      264       28       35      592      591      396      397      459      460
        1        1        1        1        0        0        0        0        8        0      265       22       29       78       71      389      388      381      382
        1        1        1        1        0        0        0        0        8        0      266       22       71       78       29       23       72       79       30
        1        1        1        1        0        0        0        0        8        0      267       23       72       79       30       24       73       80       31
        1        1        1        1        0        0        0        0        8        0      268       24       73       80       31       25       74       81       32
        1        1        1        1        0        0        0        0        8        0      269       25       74       81       32       26       75       82       33
        1        1        1        1        0        0        0        0        8        0      270       26       75       82       33       27       76       83       34
        1        1        1        1        0        0        0        0        8        0      271       27       76       83       34       28       77       84       35
        1        1        1        1        0        0        0        0        8        0      272       28       77       84       35      396      403      404      397
        1        1        1        1        0        0        0        0        8        0      273       71       78      127      120      382      381      374      375
        1        1        1        1        0        0        0        0        8        0      274       71      120      127       78       72      121      128       79
        1        1        1        1        0        0        0        0        8        0      275       72      121      128       79       73      122      129       80
        1        1        1        1        0        0        0        0        8        0      276       73      122      129       80       74      123      130       81
        1        1        1        1        0        0        0        0        8        0      277       74      123      130       81       75      124      131       82
        1        1        1        1        0        0        0        0        8        0      278       75      124      131       82       76      125      132       83
        1        1        1        1        0        0        0        0        8        0      279       76      125      132       83       77      126      133       84
        1        1        1        1        0        0        0        0        8        0      280       77      126      133       84      403      410      411      404
        1        1        1        1        0        0        0        0        8        0      281      120      127      176      169      375      374      367      368
        1        1        1        1        0        0        0        0        8        0      282      120      169      176      127      121      170      177      128
        1        1        1        1        0        0        0        0        8        0      283      121      170      177      128      122      171      178      129
        1        1        1        1        0        0        0        0        8        0      284      122      171      178      129      123      172      179      130
        1        1        1        1        0        0        0        0        8        0      285      123      172      179      130      124      173      180      131
        1        1        1        1        0        0        0        0        8        0      286      124      173      180      131      125      174      181      132
        1        1        1        1        0        0        0        0        8        0      287      125      174      181      132      126      175      182      133
        1        1        1        1        0        0        0        0        8        0      288      126      175      182      133      410      417      418      411
        1        1        1        1        0        0        0        0        8        0      289      169      176      225      218      368      367      360      361
        1        1        1        1        0        0        0        0        8        0      290      169      218      225      176      170      219      226      177
        1        1        1        1        0        0        0        0        8        0      291      170      219      226      177      171      220      227      178
        1        1        1        1        0        0        0        0        8        0      292      171      220      227      178      172      221      228      179
        1        1        1        1        0        0        0        0        8        0      293      172      221      228      179      173      222      229      180
        1        1        1        1        0        0        0        0        8        0      294      173      222      229      180      174      223      230      181
        1        1        1        1        0        0        0        0        8        0      295      174      223      230      181      175      224      231      182
        1        1        1        1        0        0        0        0        8        0      296      175      224      231      182      417      424      425      418
        1        1        1        1        0        0        0        0        8        0      297      218      225      274      267      361      360      353      354
        1        1        1        1        0        0        0        0        8        0      298      218      267      274      225      219      268      275      226
        1        1        1        1        0        0        0        0        8        0      299      219      268      275      226      220      269      276      227
        1        1        1        1        0        0        0        0        8        0      300      220      269      276      227      221      270      277      228
        1        1        1        1        0        0        0        0        8        0      301      221      270      277      228      222      271      278      229
        1        1        1        1        0        0        0        0        8        0      302      222      271      278      229      223      272      279      230
        1        1        1        1        0        0        0        0        8        0      303      223      272      279      230      224      273      280      231
        1        1        1        1        0        0        0        0        8        0      304      224      273      280      231      424      431      432      425
        1        1        1        1        0        0        0        0        8        0      305      267      274      323      316      354      353      346      347
        1        1        1        1        0        0        0        0        8        0      306      267      316      323      274      268      317      324      275
        1        1        1        1        0        0        0        0        8        0      307      268      317      324      275      269      318      325      276
        1        1        1        1        0        0        0        0        8        0      308      269      318      325      276      270      319      326      277
        1        1        1        1        0        0        0        0        8        0      309      270      319      326      277      271      320      327      278
        1        1        1        1        0        0        0        0        8        0      310      271      320      327      278      272      321      328      279
        1        1        1        1        0        0        0        0        8        0      311      272      321      328      279      273      322      329      280
        1        1        1        1        0        0        0        0        8        0      312      273      322      329      280      431      438      439      432
        1        1        1        1        0        0        0        0        8        0      313      316      323      720      719      347      346      725      726
        1        1        1        1        0        0        0        0        8        0      314      316      719      720      323      317      712      713      324
        1        1        1        1        0        0        0        0        8        0      315      317      712      713      324      318      705      706      325
        1        1        1        1        0        0        0        0        8        0      316      318      705      706      325      319      698      699      326
        1        1        1        1        0        0        0        0        8        0      317      319      698      699      326      320      691      692      327
        1        1        1        1        0        0        0        0        8        0      318      320      691      692      327      321      684      685      328
        1        1        1        1        0        0        0        0        8        0      319      321      684      685      328      322      677      678      329
        1        1        1        1        0        0        0        0        8        0      320      322      677      678      329      438      445      444      439
        1        1        1        1        0        0        0        0        8        0      321       29      550      551       36      388      597      596      387
        1        1        1        1        0        0        0        0        8        0      322       29       36      551      550       30       37      558      557
        1        1        1        1        0        0        0        0        8        0      323       30       37      558      557       31       38      565      564
        1        1        1        1        0        0        0        0        8        0      324       31       38      565      564       32       39      572      571
        1        1        1        1        0        0        0        0        8        0      325       32       39      572      571       33       40      579      578
        1        1        1        1        0        0        0        0        8        0      326       33       40      579      578       34       41      586      585
        1        1        1        1        0        0        0        0        8        0      327       34       41      586      585       35       42      593      592
        1        1        1        1        0        0        0        0        8        0      328       35       42      593      592      397      398      458      459
        1        1        1        1        0        0        0        0        8        0      329       29       36       85       78      388      387      380      381
        1        1        1        1        0        0        0        0        8        0      330       29       78       85       36       30       79       86       37
        1        1        1        1        0        0        0        0        8        0      331       30       79       86       37       31       80       87       38
        1        1        1        1        0        0        0        0        8        0      332       31       80       87       38       32       81       88       39
        1        1        1        1        0        0        0        0        8        0      333       32       81       88       39       33       82       89       40
        1        1        1        1        0        0        0        0        8        0      334       33       82       89       40       34       83       90       41
        1        1        1        1        0        0        0        0        8        0      335       34       83       90       41       35       84       91       42
        1        1        1        1        0        0        0        0        8        0      336       35       84       91       42      397      404      405      398
        1        1        1        1        0        0        0        0        8        0      337       78       85      134      127      381      380      373      374
        1        1        1        1        0        0        0        0        8        0      338       78      127      134       85       79      128      135       86
        1        1        1        1        0        0        0        0        8        0      339       79      128      135       86       80      129      136       87
        1        1        1        1        0        0        0        0        8        0      340       80      129      136       87       81      130      137       88
        1        1        1        1        0        0        0        0        8        0      341       81      130      137       88       82      131      138       89
        1        1        1        1        0        0        0        0        8        0      342       82      131      138       89       83      132      139       90
        1        1        1        1        0        0        0        0        8        0      343       83      132      139       90       84      133      140       91
        1        1        1        1        0        0        0        0        8        0      344       84      133      140       91      404      411      412      405
        1        1        1        1        0        0        0        0        8        0      345      127      134      183      176      374      373      366      367
        1        1        1        1        0        0        0        0        8        0      346      127      176      183      134      128      177      184      135
        1        1        1        1        0        0        0        0        8        0      347      128      177      184      135      129      178      185      136
        1        1        1        1        0        0        0        0        8        0      348      129      178      185      136      130      179      186      137
        1        1        1        1        0        0        0        0        8        0      349      130      179      186      137      131      180      187      138
        1        1        1        1        0        0        0        0        8        0      350      131      180      187      138      132      181      188      139
        1        1        1        1        0        0        0        0        8        0      351      132      181      188      139      133      182      189      140
        1        1        1        1        0        0        0        0        8        0      352      133      182      189      140      411      418      419      412
        1        1        1        1        0        0        0        0        8        0      353      176      183      232      225      367      366      359      360
        1        1        1        1        0        0        0        0        8        0      354      176      225      232      183      177      226      233      184
        1        1        1        1        0        0        0        0        8        0      355      177      226      233      184      178      227      234      185
        1        1        1        1        0        0        0        0        8        0      356      178      227      234      185      179      228      235      186
        1        1        1        1        0        0        0        0        8        0      357      179      228      235      186      180      229      236      187
        1        1        1        1        0        0        0        0        8        0      358      180      229      236      187      181      230      237      188
        1        1        1        1        0        0        0        0        8        0      359      181      230      237      188      182      231      238      189
        1        1        1        1        0        0        0        0        8        0      360      182      231      238      189      418      425      426      419
        1        1        1        1        0        0        0        0        8        0      361      225      232      281      274      360      359      352      353
        1        1        1        1        0        0        0        0        8        0      362      225      274      281      232      226      275      282      233
        1        1        1        1        0        0        0        0        8        0      363      226      275      282      233      227      276      283      234
        1        1        1        1        0        0        0        0        8        0      364      227      276      283      234      228      277      284      235
        1        1        1        1        0        0        0        0        8        0      365      228      277      284      235      229      278      285      236
        1        1        1        1        0        0        0        0        8        0      366      229      278      285      236      230      279      286      237
        1        1        1        1        0        0        0        0        8        0      367      230      279      286      237      231      280      287      238
        1        1        1        1        0        0        0        0        8        0      368      231      280      287      238      425      432      433      426
        1        1        1        1        0        0        0        0        8        0      369      274      281      330      323      353      352      345      346
        1        1        1        1        0        0        0        0        8        0      370      274      323      330      281      275      324      331      282
        1        1        1        1        0        0        0        0        8        0      371      275      324      331      282      276      325      332      283
        1        1        1        1        0        0        0        0        8        0      372      276      325      332      283      277      326      333      284
        1        1        1        1        0        0        0        0        8        0      373      277      326      333      284      278      327      334      285
        1        1        1        1        0        0        0        0        8        0      374      278      327      334      285      279      328      335      286
        1        1        1        1        0        0        0        0        8        0      375      279      328      335      286      280      329      336      287
        1        1        1        1        0        0        0        0        8        0      376      280      329      336      287      432      439      440      433
        1        1        1        1        0        0        0        0        8        0      377      323      330      721      720      346      345      724      725
        1        1        1        1        0        0        0        0        8        0      378      323      720      721      330      324      713      714      331
        1        1        1        1        0        0        0        0        8        0      379      324      713      714      331      325      706      707      332
        1        1        1        1        0        0        0        0        8        0      380      325      706      707      332      326      699      700      333
        1        1        1        1        0        0        0        0        8        0      381      326      699      700      333      327      692      693      334
        1        1        1        1        0        0        0        0        8        0      382      327      692      693      334      328      685      686      335
        1        1        1        1        0        0        0        0        8        0      383      328      685      686      335      329      678      679      336
        1        1        1        1        0        0        0        0        8        0      384      329      678      679      336      439      444      443      440
        1        1        1        1        0        0        0        0        8        0      385       36      551      552       43      387      596      595      386
        1        1        1        1        0        0        0        0        8        0      386       36       43      552      551       37       44      559      558
        1        1        1        1        0        0        0        0        8        0      387       37       44      559      558       38       45      566      565
        1        1        1        1        0        0        0        0        8        0      388       38       45      566      565       39       46      573      572
        1        1        1        1        0        0        0        0        8        0      389       39       46      573      572       40       47      580      579
        1        1        1        1        0        0        0        0        8        0      390       40       47      580      579       41       48      587      586
        1        1        1        1        0        0        0        0        8        0      391       41       48      587      586       42       49      594      593
        1        1        1        1        0        0        0        0        8        0      392       42       49      594      593      398      399      457      458
        1        1        1        1        0        0        0        0        8        0      393       36       43       92       85      387      386      379      380
        1        1        1        1        0        0        0        0        8        0      394       36       85       92       43       37       86       93       44
        1        1        1        1        0        0        0        0        8        0      395       37       86       93       44       38       87       94       45
        1        1        1        1        0        0        0        0        8        0      396       38       87       94       45       39       88       95       46
        1        1        1        1        0        0        0        0        8        0      397       39       88       95       46       40       89       96       47
        1        1        1        1        0        0        0        0        8        0      398       40       89       96       47       41       90       97       48
        1        1        1        1        0        0        0        0        8        0      399       41       90       97       48       42       91       98       49
        1        1        1        1        0        0        0        0        8        0      400       42       91       98       49      398      405      406      399
        1        1        1        1        0        0        0        0        8        0      401       85       92      141      134      380      379      372      373
        1        1        1        1        0        0        0        0        8        0      402       85      134      141       92       86      135      142       93
        1        1        1        1        0        0        0        0        8        0      403       86      135      142       93       87      136      143       94
        1        1        1        1        0        0        0        0        8        0      404       87      136      143       94       88      137      144       95
        1        1        1        1        0        0        0        0        8        0      405       88      137      144       95       89      138      145       96
        1        1        1        1        0        0        0        0        8        0      406       89      138      145       96       90      139      146       97
        1        1        1        1        0        0        0        0        8        0      407       90      139      146       97       91      140      147       98
        1        1        1        1        0        0        0        0        8        0      408       91      140      147       98      405      412      413      406
        1        1        1        1        0        0        0        0        8        0      409      134      141      190      183      373      372      365      366
        1        1        1        1        0        0        0        0        8        0      410      134      183      190      141      135      184      191      142
        1        1        1        1        0        0        0        0        8        0      411      135      184      191      142      136      185      192      143
        1        1        1        1        0        0        0        0        8        0      412      136      185      192      143      137      186      193      144
        1        1        1        1        0        0        0        0        8        0      413      137      186      193      144      138      187      194      145
        1        1        1        1        0        0        0        0        8        0      414      138      187      194      145      139      188      195      146
        1        1        1        1        0        0        0        0        8        0      415      139      188      195      146      140      189      196      147
        1        1        1        1        0        0        0        0        8        0      416      140      189      196      147      412      419      420      413
        1        1        1        1        0        0        0        0        8        0      417      183      190      239      232      366      365      358      359
        1        1        1        1        0        0        0        0        8        0      418      183      232      239      190      184      233      240      191
        1        1        1        1        0        0        0        0        8        0      419      184      233      240      191      185      234      241      192
        1        1        1        1        0        0        0        0        8        0      420      185      234      241      192      186      235      242      193
        1        1        1        1        0        0        0        0        8        0      421      186      235      242      193      187      236      243      194
        1        1        1        1        0        0        0        0        8        0      422      187      236      243      194      188      237      244      195
        1        1        1        1        0        0        0        0        8        0      423      188      237      244      195      189      238      245      196
        1        1        1        1        0        0        0        0        8        0      424      189      238      245      196      419      426      427      420
        1        1        1        1        0        0        0        0        8        0      425      232      239      288      281      359      358      351      352
        1        1        1        1        0        0        0        0        8        0      426      232      281      288      239      233      282      289      240
        1        1        1        1        0        0        0        0        8        0      427      233      282      289      240      234      283      290      241
        1        1        1        1        0        0        0        0        8        0      428      234      283      290      241      235      284      291      242
        1        1        1        1        0        0        0        0        8        0      429      235      284      291      242      236      285      292      243
        1        1        1        1        0        0        0        0        8        0      430      236      285      292      243      237      286      293      244
        1        1        1        1        0        0        0        0        8        0      431      237      286      293      244      238      287      294      245
        1        1        1        1        0        0        0        0        8        0      432      238      287      294      245      426      433      434      427
        1        1        1        1        0        0        0        0        8        0      433      281      288      337      330      352      351      344      345
        1        1        1        1        0        0        0        0        8        0      434      281      330      337      288      282      331      338      289
        1        1        1        1        0        0        0        0        8        0      435      282      331      338      289      283      332      339      290
        1        1        1        1        0        0        0        0        8        0      436      283      332      339      290      284      333      340      291
        1        1        1        1        0        0        0        0        8        0      437      284      333      340      291      285      334      341      292
        1        1        1        1        0        0        0        0        8        0      438      285      334      341      292      286      335      342      293
        1        1        1        1        0        0        0        0        8        0      439      286      335      342      293      287      336      343      294
        1        1        1        1        0        0        0        0        8        0      440      287      336      343      294      433      440      441      434
        1        1        1        1        0        0        0        0        8        0      441      330      337      722      721      345      344      723      724
        1        1        1        1        0        0        0        0        8        0      442      330      721      722      337      331      714      715      338
        1        1        1        1        0        0        0        0        8        0      443      331      714      715      338      332      707      708      339
        1        1        1        1        0        0        0        0        8        0      444      332      707      708      339      333      700      701      340
        1        1        1        1        0        0        0        0        8        0      445      333      700      701      340      334      693      694      341
        1        1        1        1        0        0        0        0        8        0      446      334      693      694      341      335      686      687      342
        1        1        1        1        0        0        0        0        8        0      447      335      686      687      342      336      679      680      343
        1        1        1        1        0        0        0        0        8        0      448      336      679      680      343      440      443      442      441
        1        1        1        1        0        0        0        0        8        0      449       43      552      539      474      386      595      538      523
        1        1        1        1        0        0        0        0        8        0      450       43      474      539      552       44      481      540      559
        1        1        1        1        0        0        0        0        8        0      451       44      481      540      559       45      488      541      566
        1        1        1        1        0        0        0        0        8        0      452       45      488      541      566       46      495      542      573
        1        1        1        1        0        0        0        0        8        0      453       46      495      542      573       47      502      543      580
        1        1        1        1        0        0        0        0        8        0      454       47      502      543      580       48      509      544      587
        1        1        1        1        0        0        0        0        8        0      455       48      509      544      587       49      516      545      594
        1        1        1        1        0        0        0        0        8        0      456       49      516      545      594      399      472      473      457
        1        1        1        1        0        0        0        0        8        0      457       43      474      475       92      386      523      524      379
        1        1        1        1        0        0        0        0        8        0      458       43       92      475      474       44       93      482      481
        1        1        1        1        0        0        0        0        8        0      459       44       93      482      481       45       94      489      488
        1        1        1        1        0        0        0        0        8        0      460       45       94      489      488       46       95      496      495
        1        1        1        1        0        0        0        0        8        0      461       46       95      496      495       47       96      503      502
        1        1        1        1        0        0        0        0        8        0      462       47       96      503      502       48       97      510      509
        1        1        1        1        0        0        0        0        8        0      463       48       97      510      509       49       98      517      516
        1        1        1        1        0        0        0        0        8        0      464       49       98      517      516      399      406      471      472
        1        1        1        1        0        0        0        0        8        0      465       92      475      476      141      379      524      525      372
        1        1        1        1        0        0        0        0        8        0      466       92      141      476      475       93      142      483      482
        1        1        1        1        0        0        0        0        8        0      467       93      142      483      482       94      143      490      489
        1        1        1        1        0        0        0        0        8        0      468       94      143      490      489       95      144      497      496
        1        1        1        1        0        0        0        0        8        0      469       95      144      497      496       96      145      504      503
        1        1        1        1        0        0        0        0        8        0      470       96      145      504      503       97      146      511      510
        1        1        1        1        0        0        0        0        8        0      471       97      146      511      510       98      147      518      517
        1        1        1        1        0        0        0        0        8        0      472       98      147      518      517      406      413      470      471
        1        1        1        1        0        0        0        0        8        0      473      141      476      477      190      372      525      526      365
        1        1        1        1        0        0        0        0        8        0      474      141      190      477      476      142      191      484      483
        1        1        1        1        0        0        0        0        8        0      475      142      191      484      483      143      192      491      490
        1        1        1        1        0        0        0        0        8        0      476      143      192      491      490      144      193      498      497
        1        1        1        1        0        0        0        0        8        0      477      144      193      498      497      145      194      505      504
        1        1        1        1        0        0        0        0        8        0      478      145      194      505      504      146      195      512      511
        1        1        1        1        0        0        0        0        8        0      479      146      195      512      511      147      196      519      518
        1        1        1        1        0        0        0        0        8        0      480      147      196      519      518      413      420      469      470
        1        1        1        1        0        0        0        0        8        0      481      190      477      478      239      365      526      527      358
        1        1        1        1        0        0        0        0        8        0      482      190      239      478      477      191      240      485      484
        1        1        1        1        0        0        0        0        8        0      483      191      240      485      484      192      241      492      491
        1        1        1        1        0        0        0        0        8        0      484      192      241      492      491      193      242      499      498
        1        1        1        1        0        0        0        0        8        0      485      193      242      499      498      194      243      506      505
        1        1        1        1        0        0        0        0        8        0      486      194      243      506      505      195      244      513      512
        1        1        1        1        0        0        0        0        8        0      487      195      244      513      512      196      245      520      519
        1        1        1        1        0        0        0        0        8        0      488      196      245      520      519      420      427      468      469
        1        1        1        1        0        0        0        0        8        0      489      239      478      479      288      358      527      528      351
        1        1        1        1        0        0        0        0        8        0      490      239      288      479      478      240      289      486      485
        1        1        1        1        0        0        0        0        8        0      491      240      289      486      485      241      290      493      492
        1        1        1        1        0        0        0        0        8        0      492      241      290      493      492      242      291      500      499
        1        1        1        1        0        0        0        0        8        0      493      242      291      500      499      243      292      507      506
        1        1        1        1        0        0        0        0        8        0      494      243      292      507      506      244      293      514      513
        1        1        1        1        0        0        0        0        8        0      495      244      293      514      513      245      294      521      520
        1        1        1        1        0        0        0        0        8        0      496      245      294      521      520      427      434      467      468
        1        1        1        1        0        0        0        0        8        0      497      288      479      480      337      351      528      529      344
        1        1        1        1        0        0        0        0        8        0      498      288      337      480      479      289      338      487      486
        1        1        1        1        0        0        0        0        8        0      499      289      338      487      486      290      339      494      493
        1        1        1        1        0        0        0        0        8        0      500      290      339      494      493      291      340      501      500
        1        1        1        1        0        0        0        0        8        0      501      291      340      501      500      292      341      508      507
        1        1        1        1        0        0        0        0        8        0      502      292      341      508      507      293      342      515      514
        1        1        1        1        0        0        0        0        8        0      503      293      342      515      514      294      343      522      521
        1        1        1        1        0        0        0        0        8        0      504      294      343      522      521      434      441      466      467
        1        1        1        1        0        0        0        0        8        0      505      337      480      531      722      344      529      530      723
        1        1        1        1        0        0        0        0        8        0      506      337      722      531      480      338      715      532      487
        1        1        1        1        0        0        0        0        8        0      507      338      715      532      487      339      708      533      494
        1        1        1        1        0        0        0        0        8        0      508      339      708      533      494      340      701      534      501
        1        1        1        1        0        0        0        0        8        0      509      340      701      534      501      341      694      535      508
        1        1        1        1        0        0        0        0        8        0      510      341      694      535      508      342      687      536      515
        1        1        1        1        0        0        0        0        8        0      511      342      687      536      515      343      680      537      522
        1        1        1        1        0        0        0        0        8        0      512      343      680      537      522      441      442      465      466
-1
! Material Id = {65A90744-4DE9-4200-BBF5-FD1BDBC36F1D}
/wb,elem,end               !  done creating elements
/com,*********** Send User Defined Coordinate System(s) ***********
local,12,0,0.,0.,0.,0.,0.,0.
local,13,0,0.,0.,0.,0.,0.,0.
csys,0
toffst,273.15,      ! Temperature offset from absolute zero
/com,*********** Set Reference Temperature ***********
tref,22.
/wb,mat,start              !  starting to send materials
/com,*********** Send Materials ***********
Temperature = 'TEMP' ! Temperature
MP,DENS,1,2.465e-09,	! tonne mm^-3
MP,EX,1,69930,	! tonne s^-2 mm^-1
MP,NUXY,1,0.2149,
MP,ALPX,1,9.35e-06,	! C^-1
MP,KXX,1,1.003,	! tonne mm s^-3 C^-1
MP,C,1,898600000,	! mm^2 s^-2 C^-1
MP,RSVX,1,25110000000000,	! ohm mm
MP,LSST,1,0.06392,
MP,PERX,1,7.146,
MP,UVID,1,0ea6d37f-62a6-44fc-8b4e-583de628ee8e
MP,UMID,1,5ce76515-ad81-4729-b5f3-3cd04a8507a2

/wb,mat,end                !  done sending materials
! ****** Begin Command Snippet ******
*dim,matids,,1
*set,matids(1),1
*set,matid,1
*dim,typeids,,1
*set,typeids(1),1
!   Commands inserted into this file will be executed just after material definitions in /PREP7.
!   The material number for this body is equal to the parameter "matid" if it's not a part of a Material Assignment.
!   The element type numbers for this body can be referenced using the 1-D array parameter "typeids".

!   Active UNIT system in Workbench when this object was created:  Metric (mm, kg, N, s, mV, mA)
!   NOTE:  Any data that requires units (such as mass) is assumed to be in the consistent solver unit system.
!                See Solving Units in the help system for more information.



TB,USER,1,1,5,NONLINEAR
TBDATA,1,0.0,0.0,0.0,0.0,0.0

TB,STATE,1,,100

USRCAL,USOLBEG,USSFIN
*set, matids, ,
*set, typeids, ,
! ****** End   Command Snippet ******
!************************* Model Summary ********************
!SYS-27\Solid,	Glass, soda lime (common glass),	matid,	1
!************************* End Model Summary ********************
! get the diagonal of the bounding box. Needed later for other things
*get,_xmin,node,,mnloc,x
*get,_ymin,node,,mnloc,y
*get,_zmin,node,,mnloc,z
*get,_xmax,node,,mxloc,x
*get,_ymax,node,,mxloc,y
*get,_zmax,node,,mxloc,z
_ASMDIAG=(_xmax-_xmin)*(_xmax-_xmin)+(_ymax-_ymin)*(_ymax-_ymin)+(_zmax-_zmin)*(_zmax-_zmin)
_ASMDIAG=SQRT(_ASMDIAG)
/wb,contact,start          !  starting to send contact
/wb,contact,end            !  done creating contacts
/com,*********** Send Named Selection as Node Component ***********
CMBLOCK,XMIN    ,NODE,       81
(8i10)
       393       394       395       396       397       398       399       400
       401       402       403       404       405       406       407       408
       409       410       411       412       413       414       415       416
       417       418       419       420       421       422       423       424
       425       426       427       428       429       430       431       432
       433       434       435       436       437       438       439       440
       441       442       443       444       445       446       447       448
       449       450       451       452       453       454       455       456
       457       458       459       460       461       462       463       464
       465       466       467       468       469       470       471       472
       473
/com,*********** Send Named Selection as Node Component ***********
CMBLOCK,XMAX    ,NODE,       81
(8i10)
       344       345       346       347       348       349       350       351
       352       353       354       355       356       357       358       359
       360       361       362       363       364       365       366       367
       368       369       370       371       372       373       374       375
       376       377       378       379       380       381       382       383
       384       385       386       387       388       389       390       391
       392       523       524       525       526       527       528       529
       530       538       595       596       597       598       599       600
       601       609       659       660       661       662       663       664
       665       673       723       724       725       726       727       728
       729
/com,*********** Send Named Selection as Node Component ***********
CMBLOCK,YMIN    ,NODE,       81
(8i10)
       449       450       451       452       453       454       455       456
       464       602       603       604       605       606       607       608
       609       610       611       612       613       614       615       616
       617       618       619       620       621       622       623       624
       625       626       627       628       629       630       631       632
       633       634       635       636       637       638       639       640
       641       642       643       644       645       646       647       648
       649       650       651       652       653       654       655       656
       657       658       659       660       661       662       663       664
       665       666       667       668       669       670       671       672
       673
/com,*********** Send Named Selection as Node Component ***********
CMBLOCK,YMAX    ,NODE,       81
(8i10)
       465       466       467       468       469       470       471       472
       473       474       475       476       477       478       479       480
       481       482       483       484       485       486       487       488
       489       490       491       492       493       494       495       496
       497       498       499       500       501       502       503       504
       505       506       507       508       509       510       511       512
       513       514       515       516       517       518       519       520
       521       522       523       524       525       526       527       528
       529       530       531       532       533       534       535       536
       537       538       539       540       541       542       543       544
       545
/com,*********** Send Named Selection as Node Component ***********
CMBLOCK,ZMIN    ,NODE,       81
(8i10)
       457       458       459       460       461       462       463       464
       473       538       539       540       541       542       543       544
       545       546       547       548       549       550       551       552
       553       554       555       556       557       558       559       560
       561       562       563       564       565       566       567       568
       569       570       571       572       573       574       575       576
       577       578       579       580       581       582       583       584
       585       586       587       588       589       590       591       592
       593       594       595       596       597       598       599       600
       601       602       603       604       605       606       607       608
       609
/com,*********** Send Named Selection as Node Component ***********
CMBLOCK,ZMAX    ,NODE,       81
(8i10)
       442       443       444       445       446       447       448       449
       465       530       531       532       533       534       535       536
       537       666       667       668       669       670       671       672
       673       674       675       676       677       678       679       680
       681       682       683       684       685       686       687       688
       689       690       691       692       693       694       695       696
       697       698       699       700       701       702       703       704
       705       706       707       708       709       710       711       712
       713       714       715       716       717       718       719       720
       721       722       723       724       725       726       727       728
       729
CMBLOCK,ALLSURFACENODES,NODE,      386
(8i10)
       344       345       346       347       348       349       350       351
       352       353       354       355       356       357       358       359
       360       361       362       363       364       365       366       367
       368       369       370       371       372       373       374       375
       376       377       378       379       380       381       382       383
       384       385       386       387       388       389       390       391
       392       393       394       395       396       397       398       399
       400       401       402       403       404       405       406       407
       408       409       410       411       412       413       414       415
       416       417       418       419       420       421       422       423
       424       425       426       427       428       429       430       431
       432       433       434       435       436       437       438       439
       440       441       442       443       444       445       446       447
       448       449       450       451       452       453       454       455
       456       457       458       459       460       461       462       463
       464       465       466       467       468       469       470       471
       472       473       474       475       476       477       478       479
       480       481       482       483       484       485       486       487
       488       489       490       491       492       493       494       495
       496       497       498       499       500       501       502       503
       504       505       506       507       508       509       510       511
       512       513       514       515       516       517       518       519
       520       521       522       523       524       525       526       527
       528       529       530       531       532       533       534       535
       536       537       538       539       540       541       542       543
       544       545       546       547       548       549       550       551
       552       553       554       555       556       557       558       559
       560       561       562       563       564       565       566       567
       568       569       570       571       572       573       574       575
       576       577       578       579       580       581       582       583
       584       585       586       587       588       589       590       591
       592       593       594       595       596       597       598       599
       600       601       602       603       604       605       606       607
       608       609       610       611       612       613       614       615
       616       617       618       619       620       621       622       623
       624       625       626       627       628       629       630       631
       632       633       634       635       636       637       638       639
       640       641       642       643       644       645       646       647
       648       649       650       651       652       653       654       655
       656       657       658       659       660       661       662       663
       664       665       666       667       668       669       670       671
       672       673       674       675       676       677       678       679
       680       681       682       683       684       685       686       687
       688       689       690       691       692       693       694       695
       696       697       698       699       700       701       702       703
       704       705       706       707       708       709       710       711
       712       713       714       715       716       717       718       719
       720       721       722       723       724       725       726       727
       728       729
CMBLOCK,IC_PHI_ELEM,ELEM,      512
(8i10)
         1         2         3         4         5         6         7         8
         9        10        11        12        13        14        15        16
        17        18        19        20        21        22        23        24
        25        26        27        28        29        30        31        32
        33        34        35        36        37        38        39        40
        41        42        43        44        45        46        47        48
        49        50        51        52        53        54        55        56
        57        58        59        60        61        62        63        64
        65        66        67        68        69        70        71        72
        73        74        75        76        77        78        79        80
        81        82        83        84        85        86        87        88
        89        90        91        92        93        94        95        96
        97        98        99       100       101       102       103       104
       105       106       107       108       109       110       111       112
       113       114       115       116       117       118       119       120
       121       122       123       124       125       126       127       128
       129       130       131       132       133       134       135       136
       137       138       139       140       141       142       143       144
       145       146       147       148       149       150       151       152
       153       154       155       156       157       158       159       160
       161       162       163       164       165       166       167       168
       169       170       171       172       173       174       175       176
       177       178       179       180       181       182       183       184
       185       186       187       188       189       190       191       192
       193       194       195       196       197       198       199       200
       201       202       203       204       205       206       207       208
       209       210       211       212       213       214       215       216
       217       218       219       220       221       222       223       224
       225       226       227       228       229       230       231       232
       233       234       235       236       237       238       239       240
       241       242       243       244       245       246       247       248
       249       250       251       252       253       254       255       256
       257       258       259       260       261       262       263       264
       265       266       267       268       269       270       271       272
       273       274       275       276       277       278       279       280
       281       282       283       284       285       286       287       288
       289       290       291       292       293       294       295       296
       297       298       299       300       301       302       303       304
       305       306       307       308       309       310       311       312
       313       314       315       316       317       318       319       320
       321       322       323       324       325       326       327       328
       329       330       331       332       333       334       335       336
       337       338       339       340       341       342       343       344
       345       346       347       348       349       350       351       352
       353       354       355       356       357       358       359       360
       361       362       363       364       365       366       367       368
       369       370       371       372       373       374       375       376
       377       378       379       380       381       382       383       384
       385       386       387       388       389       390       391       392
       393       394       395       396       397       398       399       400
       401       402       403       404       405       406       407       408
       409       410       411       412       413       414       415       416
       417       418       419       420       421       422       423       424
       425       426       427       428       429       430       431       432
       433       434       435       436       437       438       439       440
       441       442       443       444       445       446       447       448
       449       450       451       452       453       454       455       456
       457       458       459       460       461       462       463       464
       465       466       467       468       469       470       471       472
       473       474       475       476       477       478       479       480
       481       482       483       484       485       486       487       488
       489       490       491       492       493       494       495       496
       497       498       499       500       501       502       503       504
       505       506       507       508       509       510       511       512

CMBLOCK,IC_PHI_NODE,NODE,      386
(8i10)
       344       345       346       347       348       349       350       351
       352       353       354       355       356       357       358       359
       360       361       362       363       364       365       366       367
       368       369       370       371       372       373       374       375
       376       377       378       379       380       381       382       383
       384       385       386       387       388       389       390       391
       392       393       394       395       396       397       398       399
       400       401       402       403       404       405       406       407
       408       409       410       411       412       413       414       415
       416       417       418       419       420       421       422       423
       424       425       426       427       428       429       430       431
       432       433       434       435       436       437       438       439
       440       441       442       443       444       445       446       447
       448       449       450       451       452       453       454       455
       456       457       458       459       460       461       462       463
       464       465       466       467       468       469       470       471
       472       473       474       475       476       477       478       479
       480       481       482       483       484       485       486       487
       488       489       490       491       492       493       494       495
       496       497       498       499       500       501       502       503
       504       505       506       507       508       509       510       511
       512       513       514       515       516       517       518       519
       520       521       522       523       524       525       526       527
       528       529       530       531       532       533       534       535
       536       537       538       539       540       541       542       543
       544       545       546       547       548       549       550       551
       552       553       554       555       556       557       558       559
       560       561       562       563       564       565       566       567
       568       569       570       571       572       573       574       575
       576       577       578       579       580       581       582       583
       584       585       586       587       588       589       590       591
       592       593       594       595       596       597       598       599
       600       601       602       603       604       605       606       607
       608       609       610       611       612       613       614       615
       616       617       618       619       620       621       622       623
       624       625       626       627       628       629       630       631
       632       633       634       635       636       637       638       639
       640       641       642       643       644       645       646       647
       648       649       650       651       652       653       654       655
       656       657       658       659       660       661       662       663
       664       665       666       667       668       669       670       671
       672       673       674       675       676       677       678       679
       680       681       682       683       684       685       686       687
       688       689       690       691       692       693       694       695
       696       697       698       699       700       701       702       703
       704       705       706       707       708       709       710       711
       712       713       714       715       716       717       718       719
       720       721       722       723       724       725       726       727
       728       729
CMBLOCK,ALL_NODES,NODE,      729
(8i10)
         1         2         3         4         5         6         7         8
         9        10        11        12        13        14        15        16
        17        18        19        20        21        22        23        24
        25        26        27        28        29        30        31        32
        33        34        35        36        37        38        39        40
        41        42        43        44        45        46        47        48
        49        50        51        52        53        54        55        56
        57        58        59        60        61        62        63        64
        65        66        67        68        69        70        71        72
        73        74        75        76        77        78        79        80
        81        82        83        84        85        86        87        88
        89        90        91        92        93        94        95        96
        97        98        99       100       101       102       103       104
       105       106       107       108       109       110       111       112
       113       114       115       116       117       118       119       120
       121       122       123       124       125       126       127       128
       129       130       131       132       133       134       135       136
       137       138       139       140       141       142       143       144
       145       146       147       148       149       150       151       152
       153       154       155       156       157       158       159       160
       161       162       163       164       165       166       167       168
       169       170       171       172       173       174       175       176
       177       178       179       180       181       182       183       184
       185       186       187       188       189       190       191       192
       193       194       195       196       197       198       199       200
       201       202       203       204       205       206       207       208
       209       210       211       212       213       214       215       216
       217       218       219       220       221       222       223       224
       225       226       227       228       229       230       231       232
       233       234       235       236       237       238       239       240
       241       242       243       244       245       246       247       248
       249       250       251       252       253       254       255       256
       257       258       259       260       261       262       263       264
       265       266       267       268       269       270       271       272
       273       274       275       276       277       278       279       280
       281       282       283       284       285       286       287       288
       289       290       291       292       293       294       295       296
       297       298       299       300       301       302       303       304
       305       306       307       308       309       310       311       312
       313       314       315       316       317       318       319       320
       321       322       323       324       325       326       327       328
       329       330       331       332       333       334       335       336
       337       338       339       340       341       342       343       344
       345       346       347       348       349       350       351       352
       353       354       355       356       357       358       359       360
       361       362       363       364       365       366       367       368
       369       370       371       372       373       374       375       376
       377       378       379       380       381       382       383       384
       385       386       387       388       389       390       391       392
       393       394       395       396       397       398       399       400
       401       402       403       404       405       406       407       408
       409       410       411       412       413       414       415       416
       417       418       419       420       421       422       423       424
       425       426       427       428       429       430       431       432
       433       434       435       436       437       438       439       440
       441       442       443       444       445       446       447       448
       449       450       451       452       453       454       455       456
       457       458       459       460       461       462       463       464
       465       466       467       468       469       470       471       472
       473       474       475       476       477       478       479       480
       481       482       483       484       485       486       487       488
       489       490       491       492       493       494       495       496
       497       498       499       500       501       502       503       504
       505       506       507       508       509       510       511       512
       513       514       515       516       517       518       519       520
       521       522       523       524       525       526       527       528
       529       530       531       532       533       534       535       536
       537       538       539       540       541       542       543       544
       545       546       547       548       549       550       551       552
       553       554       555       556       557       558       559       560
       561       562       563       564       565       566       567       568
       569       570       571       572       573       574       575       576
       577       578       579       580       581       582       583       584
       585       586       587       588       589       590       591       592
       593       594       595       596       597       598       599       600
       601       602       603       604       605       606       607       608
       609       610       611       612       613       614       615       616
       617       618       619       620       621       622       623       624
       625       626       627       628       629       630       631       632
       633       634       635       636       637       638       639       640
       641       642       643       644       645       646       647       648
       649       650       651       652       653       654       655       656
       657       658       659       660       661       662       663       664
       665       666       667       668       669       670       671       672
       673       674       675       676       677       678       679       680
       681       682       683       684       685       686       687       688
       689       690       691       692       693       694       695       696
       697       698       699       700       701       702       703       704
       705       706       707       708       709       710       711       712
       713       714       715       716       717       718       719       720
       721       722       723       724       725       726       727       728
       729
CMBLOCK,HEATUP_ELEM,ELEM,        1
(8i10)
         2
/com,*********** Send Named Selection as Node Component ***********
CMBLOCK,WALL_BC ,NODE,      386
(8i10)
       344       345       346       347       348       349       350       351
       352       353       354       355       356       357       358       359
       360       361       362       363       364       365       366       367
       368       369       370       371       372       373       374       375
       376       377       378       379       380       381       382       383
       384       385       386       387       388       389       390       391
       392       393       394       395       396       397       398       399
       400       401       402       403       404       405       406       407
       408       409       410       411       412       413       414       415
       416       417       418       419       420       421       422       423
       424       425       426       427       428       429       430       431
       432       433       434       435       436       437       438       439
       440       441       442       443       444       445       446       447
       448       449       450       451       452       453       454       455
       456       457       458       459       460       461       462       463
       464       465       466       467       468       469       470       471
       472       473       474       475       476       477       478       479
       480       481       482       483       484       485       486       487
       488       489       490       491       492       493       494       495
       496       497       498       499       500       501       502       503
       504       505       506       507       508       509       510       511
       512       513       514       515       516       517       518       519
       520       521       522       523       524       525       526       527
       528       529       530       531       532       533       534       535
       536       537       538       539       540       541       542       543
       544       545       546       547       548       549       550       551
       552       553       554       555       556       557       558       559
       560       561       562       563       564       565       566       567
       568       569       570       571       572       573       574       575
       576       577       578       579       580       581       582       583
       584       585       586       587       588       589       590       591
       592       593       594       595       596       597       598       599
       600       601       602       603       604       605       606       607
       608       609       610       611       612       613       614       615
       616       617       618       619       620       621       622       623
       624       625       626       627       628       629       630       631
       632       633       634       635       636       637       638       639
       640       641       642       643       644       645       646       647
       648       649       650       651       652       653       654       655
       656       657       658       659       660       661       662       663
       664       665       666       667       668       669       670       671
       672       673       674       675       676       677       678       679
       680       681       682       683       684       685       686       687
       688       689       690       691       692       693       694       695
       696       697       698       699       700       701       702       703
       704       705       706       707       708       709       710       711
       712       713       714       715       716       717       718       719
       720       721       722       723       724       725       726       727
       728       729
CMBLOCK,EXPO_TEMP_ELEM,ELEM,        4
(8i10)
       220       221       284       285
CMBLOCK,BIOFILM1,ELEM,       32
(8i10)
       156       157       164       165       212       213       219       220
       221       222       227       228       229       230       236       237
       276       277       283       284       285       286       291       292
       293       294       300       301       348       349       356       357

CMBLOCK,BIOFILM2,ELEM,        8
(8i10)
       220       221       228       229       284       285       292       293

CMBLOCK,NUTRIENT1,ELEM,       64
(8i10)
         1         2         3         4         5         6         7         8
         9        10        11        12        13        14        15        16
        17        18        19        20        21        22        23        24
        25        26        27        28        29        30        31        32
        33        34        35        36        37        38        39        40
        41        42        43        44        45        46        47        48
        49        50        51        52        53        54        55        56
        57        58        59        60        61        62        63        64

CMBLOCK,NUTRIENT2,ELEM,       64
(8i10)
         1         2         3         4         5         6         7         8
        65        66        67        68        69        70        71        72
       129       130       131       132       133       134       135       136
       193       194       195       196       197       198       199       200
       257       258       259       260       261       262       263       264
       321       322       323       324       325       326       327       328
       385       386       387       388       389       390       391       392
       449       450       451       452       453       454       455       456

CMBLOCK,ECKE1   ,NODE,        1
(8i10)
       464
CMBLOCK,ECKE2   ,NODE,        1
(8i10)
       609
CMBLOCK,ECKE3   ,NODE,        1
(8i10)
       473
/golist
/wb,load,start             !  starting to send loads
/com,*********** Create Direct FE , Displacements ****
CMBLOCK,_CM3166U,NODE,        1
(8i10)
       464
/com,*********** Create Direct FE , Displacements ****
CMBLOCK,_CM3168U,NODE,        1
(8i10)
       609
/com,*********** Create Direct FE , Displacements ****
CMBLOCK,_CM3170U,NODE,        1
(8i10)
       473
/gst,on,on
fini
*get,_numnode,node,0,count
*get,_numelem,elem,0,count
*get, _MAXELEMNUM, elem, 0, NUM, MAX
*get, _MAXNODENUM, node, 0, NUM, MAX
*get, _MAXELEMTYPE, etyp, 0, NUM, MAX
*get, _MAXREALCONST, rcon, 0, NUM, MAX
/go
/wb,load,end               !  done creating loads
/com,--- Number of total nodes = %_numnode%
/com,--- Number of contact elements = 0
/com,--- Number of spring elements = 0
/com,--- Number of bearing elements = 0
/com,--- Number of solid elements = 512
/com,--- Number of condensed parts = 0
/com,--- Number of total elements = %_numelem%
*get,_wallbsol,active,,time,wall
/com,****************************************************************************
/com,*************************    SOLUTION       ********************************
/com,****************************************************************************
/solu
antype,0                   ! static analysis
nlgeom,on                  ! Turn on Large Deformation Effects
_thickRatio=  1     ! Ratio of thick parts in the model
eqsl,pcg,1e-8,,,,,,1
nropt,full                 ! Use full Newton-Raphson
cntr,print,1               ! print out contact info and also make no initial contact an error
nldiag,cont,iter           ! print out contact info each equilibrium iteration
rescontrol,define,last,last,,dele	   ! Program Controlled
/com,****************************************************
/com,******************* SOLVE FOR LS 1 OF 1 ****************
/com,**** Set Direct FE , Displacements ****
d,_CM3166U,ux,0.
d,_CM3166U,uy,0.
d,_CM3166U,uz,0.
/com,**** Set Direct FE , Displacements ****
d,_CM3168U,uy,0.
d,_CM3168U,uz,0.
/com,**** Set Direct FE , Displacements ****
d,_CM3170U,uz,0.
/nopr
/gopr
autots,off                 ! User turned off automatic time stepping
deltim,0.1,0.1,0.1
time,1.1
outres,erase
outres,all,none
outres,nsol,all,
outres,rsol,all
outres,etmp,all
outres,misc,all,
lnsr,on                    ! Line search turned ON by user
nldiag,nrre,on,2
! ****** Begin Command Snippet ******
!   Commands inserted into this file will be executed just prior to the ANSYS SOLVE command.
!   These commands may supersede command settings set by Workbench.

!   Active UNIT system in Workbench when this object was created:  Metric (mm, kg, N, s, mV, mA)
!   NOTE:  Any data that requires units (such as mass) is assumed to be in the consistent solver unit system.
!                See Solving Units in the help system for more information.


NLGEOM,ON
!NROPT,ADAPT
PRED,OFF

!, U, , 0.5, ,
!CNVTOL, F, , 0.1, ,
!SHPP, OFF

NEQIT,50

KBC,1

OUTRES,SVAR,ALL

INTGPTS_CNT=8
*GET,NODE_CNT,NODE,,COUNT   !NODE_CNT=23556
*GET,ELEM_CNT,ELEM,,COUNT   !ELEM_CNT=18750

*GET,MY_THREAD_SMP,ACTIVE,0,NPROC,CURR
*GET,MY_THREAD_DMP,ACTIVE,0,NUMCPU

!Compute the normal direction of the Surface Nodes, otherwise it has to be defines
MY_COMP_NORMAL=0 
!Debug the USSFIN subroutine with export all datas in each step
MY_DEBUG_USSFIN=0
MY_OUTPUT_USSFIN=10  !If =0 -> no Output. >0 -> Output and Print rate

!Debug Gaußpoint output
DEBUG_SID=0

!Export Element ID
CMSEL,S,Expo_Temp_Elem
*GET,MY_EXP_ELEM_ID,ELEM,0,NUM,MAX

MY_EXPORT_TEMP_USSFIN=1
MY_EXPORT_FOLDER = '120W_Mesh_Dependence'

ALLSEL
! ****** End   Command Snippet ******
! ****** Begin Command Snippet ******
!   Commands inserted into this file will be executed just prior to the ANSYS SOLVE command.
!   These commands may supersede command settings set by Workbench.

!   Active UNIT system in Workbench when this object was created:  Metric (mm, kg, N, s, mV, mA)
!   NOTE:  Any data that requires units (such as mass) is assumed to be in the consistent solver unit system.
!                See Solving Units in the help system for more information.


!Parameter for Creating the NEM Data

WRITE_PATH='C:\Work\Debug-Files'!'/bigwork/nhkbtoru/ANSYS_Export'!
WRITE_FILE='PRJ11_TestCube'

SEARCH_RADIUS=-0.1   !Wenn negativ, dann geschätzte Radius
NEIGHBOR_CNT=30 !Max Neighbores
BETA_STAR=2E-1!0.00008!0.00015! ! Weightening of the W-Matrix in the exponential function
WMAT_THRESHOLD=1E-8    !Weightening cut factor for the W-Matrix
ASSEMBLE_KEY=1 !sAssembKey = 1: Laplace, 2: Dx+Dy+Dz 3 or all other: All
DEBUG_KEY=0     !=1 Debug the Read in Datas
                        ! =2 After get neighbor function
                        ! =3 Debug for sID=1 the DMat local, write files to EXPORT_PATH 
                        ! =4 Debug the automatic search Radius and GetNhgb function
                        ! =5 Debug the Export Matrix
                        ! =6 Debug all Dmat for every point
                        ! =7 Debug the Get Neighbor Function for sID1 and this sIDNode
                        ! =8 Debug the vectors from APDL to Usermat (like Normal directions, Surface Node list,..)
                        ! =9 Debug if Dmat value is NAN
                        ! =100 Debug All
                        ! =201 Testfunction phi=1/6(x^2+y^2+z^2)
                        ! =202 Testfunction phi=Cos(x*2PI)*Cos(y*2PI)*Cos(z*2PI)
                        ! =203 Testfunction phi=sin(x*PI)
                        ! =204 Testfunction phi =EXP(2*x)
                        ! =205 Testfunction gradient in x-direction phi=Cos(x*2PI) -> Check whether the boundary is zero
                        
MY_NEM_ACTIVE=1          !1= CREATE, 0=READ

!Get count of all Surface Nodes
CMSEL,S,AllSurfaceNodes
*GET,NODE_CNT_SURF,NODE,0,COUNT
*VGET,NODE_SURF_LIST,NODE,,NLIST

ALLSEl,ALL
                

*GET,NODE_CNT,NODE,0,COUNT
*DIM,VGLBNODENORMX,ARRAY,NODE_CNT,1
*DIM,VGLBNODENORMY,ARRAY,NODE_CNT,1
*DIM,VGLBNODENORMZ,ARRAY,NODE_CNT,1
*DIM,VGLNODEICVALUES,ARRAY,NODE_CNT,1
*DIM,VGBOUNDARYNODE,ARRAY,NODE_CNT,1


!X-Direction
CMSEL,S,Xmin
*GET,selected_node_count_,NODE,,COUNT
*VGET,node_list_,NODE,,NLIST
*DO,pp,1,selected_node_count_,1
	VGLBNODENORMX(node_list_(pp,1),1)=-1
	VGBOUNDARYNODE(node_list_(pp,1),1)=1
*ENDDO
*DEL,,PRM_

CMSEL,S,Xmax
*GET,selected_node_count_,NODE,,COUNT
*VGET,node_list_,NODE,,NLIST
*DO,pp,1,selected_node_count_,1
	VGLBNODENORMX(node_list_(pp),1)=1
	VGBOUNDARYNODE(node_list_(pp,1),1)=1
*ENDDO
*DEL,,PRM_

!Y-Direction
CMSEL,S,Ymin
*GET,selected_node_count_,NODE,,COUNT
*VGET,node_list_,NODE,,NLIST
*DO,pp,1,selected_node_count_,1
	VGLBNODENORMY(node_list_(pp),1)=-1
	VGBOUNDARYNODE(node_list_(pp,1),1)=1
*ENDDO
*DEL,,PRM_

CMSEL,S,Ymax
*GET,selected_node_count_,NODE,,COUNT
*VGET,node_list_,NODE,,NLIST
*DO,pp,1,selected_node_count_,1
	VGLBNODENORMY(node_list_(pp),1)=1
	VGBOUNDARYNODE(node_list_(pp,1),1)=1
*ENDDO
*DEL,,PRM_

!Z-Direction
CMSEL,S,Zmin
*GET,selected_node_count_,NODE,,COUNT
*VGET,node_list_,NODE,,NLIST
*DO,pp,1,selected_node_count_,1
	VGLBNODENORMZ(node_list_(pp),1)=-1
	VGBOUNDARYNODE(node_list_(pp,1),1)=1
*ENDDO
*DEL,,PRM_

CMSEL,S,Zmax
*GET,selected_node_count_,NODE,,COUNT
*VGET,node_list_,NODE,,NLIST
*DO,pp,1,selected_node_count_,1
	VGLBNODENORMZ(node_list_(pp),1)=1
	VGBOUNDARYNODE(node_list_(pp,1),1)=1
*ENDDO
*DEL,,PRM_

*DO,pp,1,NODE_CNT_SURF
    Betrag=SQRT(VGLBNODENORMX(NODE_SURF_LIST(pp,1),1)**2+VGLBNODENORMY(NODE_SURF_LIST(pp,1),1)**2+VGLBNODENORMZ(NODE_SURF_LIST(pp,1),1)**2)
    VGLBNODENORMX(NODE_SURF_LIST(pp,1),1)=VGLBNODENORMX(NODE_SURF_LIST(pp,1),1)/Betrag
    VGLBNODENORMY(NODE_SURF_LIST(pp,1),1)=VGLBNODENORMY(NODE_SURF_LIST(pp,1),1)/Betrag
    VGLBNODENORMZ(NODE_SURF_LIST(pp,1),1)=VGLBNODENORMZ(NODE_SURF_LIST(pp,1),1)/Betrag
*ENDDO

ALLSEL,ALL

! ****** End   Command Snippet ******
! ****** Begin Command Snippet ******
!   Commands inserted into this file will be executed just prior to the ANSYS SOLVE command.
!   These commands may supersede command settings set by Workbench.

!   Active UNIT system in Workbench when this object was created:  Metric (mm, kg, N, s, mV, mA)
!   NOTE:  Any data that requires units (such as mass) is assumed to be in the consistent solver unit system.
!                See Solving Units in the help system for more information.

!  Commands inserted into this file will be executed just prior to the ANSYS SOLVE command.
!  These commands may supersede command settings set by Workbench.

!  Active UNIT system in Workbench when this object was created:  Metric (tonne, mm, N, s, V, A)
!  NOTE:  Any data that requires units (such as mass) is assumed to be in the consistent solver unit system.
!         See Solving Units in the help system for more information.

!Material Data
YOUNG_BIO = 1000    ![UNIT]
YOUNG_VOID = 1      ![UNIT]
POISSON_BIO = 0.3   ![-]
POISSON_VOID = 0.3  ![-]

!starting value
!biofilm (0 or 1)
MY_BIOSTART1 = 1.0
MY_BIOSTART2 = 0.0
!nutrients
MY_NUTSTART1 = 1.0
MY_NUTSTART2 = 0.0

!Beta for biofilm species
MY_BETA1 = 0.0001 
MY_BETA2 = 0.05 !not in use for mono-species

!Diffusion for nutrients (1,2)
MY_DIFF1 = 1
MY_DIFF2 = 1 !not in use for mono-nutrients

!nonlocal coefficients (k_alpha)
K_LOCAL1 = 0.01
K_LOCAL2 = 0.01 !not in use for mono-species

!coefficients Monod equation %nutrient%%species%
MAX_GROWTH11 = 100
MAX_GROWTH21 = 0 !not in use for mono-species
MAX_GROWTH12 = 0.1
MAX_GROWTH22 = 0 !not in use for mono-species

HALF_VELO11 = 0.1
HALF_VELO21 = 0.1 !not in use for mono-species
HALF_VELO12 = 0.1
HALF_VELO22 = 0.1 !not in use for mono-species

!weight for orientation function %nutrient%%species%
ORI_WEIGHT11 = 1 
ORI_WEIGHT21 = 0
ORI_WEIGHT12 = 1
ORI_WEIGHT22 = 0

!consumption parameter CONSUMTION%nutrient%%species%
!nutrient1
CONSUMPTION11 = 0.5
CONSUMPTION12 = 0 !not in use for mono-species

!nutrient2
CONSUMPTION21 = 0 !not in use for mono-nutrients
CONSUMPTION22 = 0.5 !not in use for mono-species and mono-nutrients

!Interaction constant INTERACTION%X%%Y% How species %X% reacts to species %Y%
INTERACTION12 = 0 !not in use for mono-species
INTERACTION21 = 0 !not in use for mono-species

!Penalty Parameter
PENALTY1 = 50

!n=3 growth-term trial (N3_GROWTH_TRIAL.md): species 3 mirrors species 1's
!real Monod-kinetics constants, uncoupled (no INTERACTION1x/x1 term yet).
!Seeded via species 1's own element region (ELEM_LIST_BIO1) in Fortran --
!no separate ELEM_LIST_BIO3 deck parameter for this trial.
MY_BIOSTART3 = 1.0
MY_BETA3 = 0.0001
K_LOCAL3 = 0.01
MAX_GROWTH13 = 100
MAX_GROWTH23 = 0
HALF_VELO13 = 0.1
HALF_VELO23 = 0.1
ORI_WEIGHT13 = 1
ORI_WEIGHT23 = 0

!n=4 extension (N3_GROWTH_TRIAL.md sec. n=4/n=5 strategy): species 4
!mirrors species 3's pattern exactly, uncoupled, seeded via species 1's
!element region (no separate ELEM_LIST_BIO4 deck parameter).
MY_BIOSTART4 = 1.0
MY_BETA4 = 0.0001
K_LOCAL4 = 0.01
MAX_GROWTH14 = 100
MAX_GROWTH24 = 0
HALF_VELO14 = 0.1
HALF_VELO24 = 0.1
ORI_WEIGHT14 = 1
ORI_WEIGHT24 = 0

!n=5 extension (N3_GROWTH_TRIAL.md sec. n=4/n=5 strategy): species 5
!mirrors species 3/4's pattern exactly, uncoupled, seeded via species 1's
!element region (no separate ELEM_LIST_BIO5 deck parameter).
MY_BIOSTART5 = 1.0
MY_BETA5 = 0.0001
K_LOCAL5 = 0.01
MAX_GROWTH15 = 100
MAX_GROWTH25 = 0
HALF_VELO15 = 0.1
HALF_VELO25 = 0.1
ORI_WEIGHT15 = 1
ORI_WEIGHT25 = 0

!Full n=5 pairwise interaction (N3_GROWTH_TRIAL.md sec. interaction
!terms), default OFF (0) to preserve prior verified behavior.
INTERACTION13 = 0
INTERACTION14 = 0
INTERACTION15 = 0
INTERACTION23 = 0
INTERACTION24 = 0
INTERACTION25 = 0
INTERACTION31 = 0
INTERACTION32 = 0
INTERACTION34 = 0.0005
INTERACTION35 = 0
INTERACTION41 = 0
INTERACTION42 = 0
INTERACTION43 = 0.0005
INTERACTION45 = 0
INTERACTION51 = 0
INTERACTION52 = 0
INTERACTION53 = 0
INTERACTION54 = 0


*DIM,V_YOUNG,ARRY,4,1
V_YOUNG(1)=21.0E4     !STAHL [MPa]
V_YOUNG(2)=7.3E4     !Amorph [MPa]
V_YOUNG(3)=7.3E0     !Liquid [MPa]
V_YOUNG(4)=1.0E-1     !Air Factor of the main diagonal entries [MPa]
*DIM,V_POISSON,ARRY,4,1
V_POISSON(1)=0.3      !STAHL [/]
V_POISSON(2)=0.17      !Amorph [/]
V_POISSON(3)=0.25      !Liquid [/]
V_POISSON(4)=0.05      !Air [/]

*DIM,V_DENSITY,ARRY,4,1
V_DENSITY(1)=7.85E-09  !STAHL [tonne/mm^3]
V_DENSITY(2)=2.2E-09  !Amorph [tonne/mm^3]
V_DENSITY(3)=2.0E-09  !Liquid [tonne/mm^3]
V_DENSITY(4)=1.16E-12 !Air [tonne/mm^3]

*DIM,V_TH_EXPANSION,ARRY,4,1
V_TH_EXPANSION(1)=5.7E-07   !STAHL [1/K]
V_TH_EXPANSION(2)=5.7E-07   !Amorph [1/K]
V_TH_EXPANSION(3)=5.7E-07    !Liquid [1/K]
V_TH_EXPANSION(4)=0         !Air [1/K]

*DIM,V_HEAT_CAPACITY,ARRY,4,1
V_HEAT_CAPACITY(1)=434000000	!STAHL [N*mm/(tonne)]
V_HEAT_CAPACITY(2)=7.4E8!7.4E8	!Amorph [N*mm/(tonne*K)]
V_HEAT_CAPACITY(3)=1.427E9	!Liquid [N*mm/(tonne*K)]
V_HEAT_CAPACITY(4)=1!1.021E9	!Air [N*mm/(tonne*K)]

*DIM,V_TH_CONDUCTIVITY,ARRY,4,1
V_TH_CONDUCTIVITY(1)=60.5		    !STAHL [mW/(mm*K)]
V_TH_CONDUCTIVITY(2)=1.1	    !Amorph [mW/(mm*K)]
V_TH_CONDUCTIVITY(3)=1.1		    !Liquid [mW/(mm*K)]
V_TH_CONDUCTIVITY(4)=1E-6!0.02582	!Air [mW/(mm*K)]

*DIM,V_TH_EMISSION,ARRY,4,1 !Radiation
!Werte laut Perplexity
V_TH_EMISSION(1)=0   
V_TH_EMISSION(2)=0   !0.9
V_TH_EMISSION(3)=0  !0.95  
V_TH_EMISSION(4)=0	

MY_CONST_MAT_PROP=1 !1-> Use Constant Cp and TH_Conductivity, 0-> Calcualte CP and TH_Conductivity in dependence of temperature

*DIM,V_LAMBDA_INIT,ARRAY,3
V_LAMBDA_INIT(1)=1    !Crystallien
V_LAMBDA_INIT(2)=0     !Amorph
V_LAMBDA_INIT(3)=0     !Liquid


MY_LATENTHEAT=1.5E11   !Latent Heat [(N*mm)/tonne]
MY_OFFSET=10 !10      !Caloric energy offset [(N*mm)/tonne]

MY_TEMP_INIT=100+273.15
MY_TEMP_REF=22+273.15          !Reference Temperature
MY_TEMP_MELT=2003.15         !Melting Temüerature
MY_TEMP_GLASS_TRANSITION=1683.15  !Glass transition temperature

MY_A_AMORPH=1E-8
MY_B_AMORPH=2500
MY_T0_AMORPH=1173.15!MY_TEMP_GLASS_TRANSITION-350
MY_A_CRYSTAL=1E-4
MY_B_CRYSTAL=10
MY_TRANGE_CRYSTAL=1
MY_MAX_ETA=1E14 !Both
MY_MIN_ETA=1E-8  !Mechanical
MY_LAMBDA_ETA=1E-8  !Only for Lambda Amorphous and Liquid   

MY_ETA_MECH_1=-23
MY_ETA_MECH_2= 30000 

*DIM,MY_V_TEST_SCALE_CP,ARRAY,4
MY_V_TEST_SCALE_CP(1)=1     !Crystallien
MY_V_TEST_SCALE_CP(2)=1    !Amorph
MY_V_TEST_SCALE_CP(3)=1    !Liquid
MY_V_TEST_SCALE_CP(4)=1     !Air

*DIM,MY_V_TEST_SCALE_TH,ARRAY,4
MY_V_TEST_SCALE_TH(1)=1    !Crystallien
MY_V_TEST_SCALE_TH(2)=1    !Amorph
MY_V_TEST_SCALE_TH(3)=1    !Liquid
MY_V_TEST_SCALE_TH(4)=1     !Air


! ****** End   Command Snippet ******
! ****** Begin Command Snippet ******
!   Commands inserted into this file will be executed just prior to the ANSYS SOLVE command.
!   These commands may supersede command settings set by Workbench.

!   Active UNIT system in Workbench when this object was created:  Metric (mm, kg, N, s, mV, mA)
!   NOTE:  Any data that requires units (such as mass) is assumed to be in the consistent solver unit system.
!                See Solving Units in the help system for more information.

MY_CYKLUSCNT=3 !Should be the same like the load steps or greater

!Numerical parameter for the phase transformation
MY_NP_THRESHOLD=1E-8 ![Mpa]  !Threshold for the dissipative energy
MY_NP_PENALTY=1E-10       !Penalty parameter for th barrier/penalty function in the free energy


!USSFIN settings
MY_USSFIN_DT_MIN=1E-1
MY_USSFIN_DT_MAX=1E-1   !Activ by Temperature > 0.9* MY_TEMP_GLASS_TRANSITION :AND: < 1.1* MY_TEMP_MELT

*DIM,MY_V_DT,ARRAY,MY_CYKLUSCNT,1
MY_V_DT(1)=1E-1
MY_V_DT(2)=1E-1


*DIM,MY_V_HEAT,ARRY,MY_CYKLUSCNT,1  !Laser Power
MY_V_HEAT(1)=0!mW   !P=200W*0.8% Absorption        !1.8E4
MY_V_HEAT(2)=0!-5E3

MY_HEAT_CONV_COEFF=1 !0.5 !Natürliche Konvektion 0,005…0,025 mW/(mm2·K)


*DIM,MY_REFLECTIONS_LIMIT,ARRY,2,1  !Reflection Limits for the Slope calculation
*IF,MY_CONST_MAT_PROP,EQ,0,THEN
   MY_REFLECTIONS_LIMIT(1)=0.2!COLD at 295K
   MY_REFLECTIONS_LIMIT(2)=0.062907035 !Hot at melt temp
   MY_REFLECTION=0.0
*ELSE
    MY_REFLECTIONS_LIMIT(1)=0 !COLD at 295K
    MY_REFLECTIONS_LIMIT(2)=0 !Hot at melt temp
    MY_REFLECTION=0.05!0.15 !Frensel Reflection Law for SiO2 ~10-20%
*ENDIF
MY_HEAT_EXPONENT=2   !Is the n in: (n+1) * |Grad phi| *(1-phi)^n



!Laser Beam source
    !!!!Movement has to be in X-Y direction
    !!!! Hight has to be in Z-Direction
    
    S_LASER_SPIRAL_ACTIVE=0 !0>> Linear Movement 1>> for Spiral Movement laser >>2 Radius movement 
    S_LASER_SPIRAL_IMPROV=0.1   !Laser improvement for the spiral movement
    

    
    *DIM,MY_M_LASER_POS,ARRAY,MY_CYKLUSCNT,3   !Columns 1: X-Pos|| 2:Y-Pos || 3:Z-Pos
    !First Line
    MY_M_LASER_POS(1,1)=0!-1E-01
    MY_M_LASER_POS(1,2)=0
    MY_M_LASER_POS(1,3)=0
    
    !Second Line
    MY_M_LASER_POS(2,1)=0!-1E-01
    MY_M_LASER_POS(2,2)=0
    MY_M_LASER_POS(2,3)=0
    

    
    *DIM,MY_M_LASER_VELO,ARRAY,MY_CYKLUSCNT,3  !Columns 1: X-Velo|| 2:Y-Velo || 3:Z-Velo
    !First Line
    MY_M_LASER_VELO(1,1)=0
    MY_M_LASER_VELO(1,2)=0
    MY_M_LASER_VELO(1,3)=0
        
    !Second Line
    MY_M_LASER_VELO(2,1)=0!1.66
    MY_M_LASER_VELO(2,2)=0
    MY_M_LASER_VELO(2,3)=0
    
    MY_LASER_RADIUS=2.691847861
    MY_LASER_DEEPTH=0.05    !Keinen Einfluss mehr -> Obsulate
        
    !Mass source
    MY_LAYER_RADIUS=0.0
    MY_LAYER_THICKNESS=0.0
    
    !Measurement with Pyrometer
    MY_RADIUS_PYROMETER=0.5
    !Optischer Absorptionskoeffizient von Glas (muss kalibriert werden, z.B. alpha = 2.0 bis 10.0 mm^-1)
    MY_ALPHA_PYROMETER=2
    
    *DIM,MY_V_PYRO_CENTER,ARRAY,3,1
    MY_V_PYRO_CENTER(1,1)=0      !X-Coordinate
    MY_V_PYRO_CENTER(2,1)=0     !Y-Coordinate
    MY_V_PYRO_CENTER(3,1)=0     !Z-Coordinate
    
    *DIM,MY_V_PYRO_DEPTH_TOL,ARRAY,2,1
    MY_V_PYRO_DEPTH_TOL(1,1)=0      !Plus from the measurement plane
    MY_V_PYRO_DEPTH_TOL(2,1)=0.2    !Minus from the measurement plane

    
!Phi threshold. If masssource larger than threshold >> phi=1, otherwise >>phi=0
MY_PHI_DISCONT=0.2
    
    
!Identivator Phase

ALLSEL,ALL
CMSEL,S,IC_Phi_Elem
*VGET,MY_IC_PHI_LIST_ELEM,ELEM,,ELIST
*GET,MY_IC_PHI_COUNT_ELEM,ELEM,0,COUNT

ALLSEL,ALL

CMSEL,S,IC_Phi_Node
*VGET,MY_IC_PHI_LIST_NODE,NODE,,NLIST
*GET,MY_IC_PHI_COUNT_NODE,NODE,0,COUNT

ALLSEL,ALL

CMSEL,S,HeatUp_Elem
*VGET,MY_HEAT_UP_ELEM_LIST,ELEM,,ELIST
*GET,MY_HEAT_UP_CNT,ELEM,0,COUNT

ALLSEL,ALL

CMSEL,S,nutrient1
*GET,ELEM_CNT_NUT1,ELEM,0,COUNT
*VGET,ELEM_LIST_NUT1,ELEM,,ELIST

ALLSEl,ALL

CMSEL,S,nutrient2
*GET,ELEM_CNT_NUT2,ELEM,0,COUNT
*VGET,ELEM_LIST_NUT2,ELEM,,ELIST

ALLSEl,ALL

CMSEL,S,biofilm1
*GET,ELEM_CNT_BIO1,ELEM,0,COUNT
*VGET,ELEM_LIST_BIO1,ELEM,,ELIST

ALLSEl,ALL

CMSEL,S,biofilm2
*GET,ELEM_CNT_BIO2,ELEM,0,COUNT
*VGET,ELEM_LIST_BIO2,ELEM,,ELIST

ALLSEl,ALL

! ****** End   Command Snippet ******
! ****** Begin Command Snippet ******
!   Commands inserted into this file will be executed just prior to the ANSYS SOLVE command.
!   These commands may supersede command settings set by Workbench.

!   Active UNIT system in Workbench when this object was created:  Metric (mm, kg, N, s, mV, mA)
!   NOTE:  Any data that requires units (such as mass) is assumed to be in the consistent solver unit system.
!                See Solving Units in the help system for more information.


!!Boundary Conditions Pressure
*DIM,V_BC_TYPE_T,ARRAY,NODE_CNT,1  ! Key=1 Dirichlet, Key=2 Neumann ,Key=3 Robin
*DIM,V_BC_VALUE_T,ARRAY,NODE_CNT,1  !Value 


!!The First BC Condition will be overwrite on points and edges from the following one

!!Wall
CMSEL,S,Wall_BC
*GET,selected_node_count_,NODE,,COUNT
*VGET,node_list_,NODE,,NLIST
*DO,pp,1,selected_node_count_,1

    !DIRCHLET TEST FELIX
!	V_BC_TYPE_T(node_list_(pp),1)=1
!	V_BC_VALUE_T(node_list_(pp,1),1)=MY_TEMP_INIT+5 
	
	!NEUMANN HOMOGEN TEST FELIX
	V_BC_TYPE_T(node_list_(pp),1)=2
	V_BC_VALUE_T(node_list_(pp,1),1)=0  
	
	!NEUMANN HOMOGEN  FELIX
!	V_BC_TYPE_T(node_list_(pp),1)=2
!	V_BC_VALUE_T(node_list_(pp,1),1)=MY_TEMP_REF  
	
	!ROBIN FELIX
!	V_BC_TYPE_T(node_list_(pp),1)=3
!	V_BC_VALUE_T(node_list_(pp,1),1)=MY_TEMP_REF  
	
*ENDDO
*DEL,,PRM_

MY_DIRICHLET_BC_NODE_COUNT_T=0
*DO,ii,1,NODE_CNT,1

    *IF,V_BC_TYPE_T(ii,1),EQ,1,THEN
    MY_DIRICHLET_BC_NODE_COUNT_T=MY_DIRICHLET_BC_NODE_COUNT_T+1
    *ENDIF
    
*ENDDO


ALLSEL,ALL


! ****** End   Command Snippet ******
! *********** WB SOLVE COMMAND ***********
! check interactive state
*get,ANSINTER_,active,,int
*if,ANSINTER_,ne,0,then
/eof
*endif
solve
/com *************** Write FE CONNECTORS ********* 
CEWRITE,file,ce,,INTE
/com,****************************************************
/com,*************** FINISHED SOLVE FOR LS 1 *************
*get,_wallasol,active,,time,wall
/nopr
*get,_numnode,node,0,count
*get,_numelem,elem,0,count
*get, _MAXELEMNUM, elem, 0, NUM, MAX
*get, _MAXNODENUM, node, 0, NUM, MAX,,,INTERNAL
*get, _MAXELEMTYPE, etyp, 0, NUM, MAX
*get, _MAXREALCONST, rcon, 0, NUM, MAX
*get,_NSOLTHREADS,active,0,ntfs
*get,_NSOLPROCESSES,active,0,npfs
/gopr
*get,_PCGITER,active,,solu,cgiter
/post1
xmlo,ENCODING,ISO-8859-1
xmlo,parm
/xml,parm,xml
fini
/gopr
*get,_walldone,active,,time,wall
_preptime=(_wallbsol-_wallstrt)*3600
_solvtime=(_wallasol-_wallbsol)*3600
_posttime=(_walldone-_wallasol)*3600
_totaltim=(_walldone-_wallstrt)*3600
*get,_dlbratio,active,0,solu,dlbr
*get,_combtime,active,0,solu,comb
*get,_ssmode,active,0,solu,ssmm
*get,_ndofs,active,0,solu,ndof
/com,--- Total number of nodes = %_numnode%
/com,--- Total number of elements = %_numelem%
/com,--- Element load balance ratio = %_dlbratio%
/com,--- Time to combine distributed files = %_combtime%
/com,--- Sparse memory mode = %_ssmode%
/com,--- Number of DOF = %_ndofs%
/wb,file,end               ! done with WB generated input
