{
  "commensal_hobic": {
    "sigma_map": 0.01372,
    "n_samples": 22,
    "sigma_samples": [
      0.013735291154217653,
      0.013737726352562252,
      0.013741947184643147,
      0.013739450586808618,
      0.013731577246438675,
      0.013739116209567132,
      0.013746464007812454,
      0.013727705251555289,
      0.01374191834583621,
      0.013713288875452258,
      0.01373653082668548,
      0.013740178291572556,
      0.013731002445081202,
      0.013719310353788136,
      0.01374268839330461,
      0.013745318882235284,
      0.013734546597089187,
      0.013727422022588188,
      0.013752295881912267,
      0.013732487401136811,
      0.013749856321750083,
      0.013739212691067983
    ],
    "p05": 0.01371971593722814,
    "p50": 0.013738421281064693,
    "p95": 0.0137496867060532,
    "sigma_mean": 0.01373660615105025,
    "sigma_std": 9.069955530769256e-06,
    "fallback_map_only": false
  },
  "dysbiotic_hobic": {
    "sigma_map": 0.00213,
    "n_samples": 50,
    "sigma_samples": [
      0.0013368444094263526,
      0.0021924758394625426,
      0.0036613490461483837,
      0.013783883904710222,
      0.001970487184974726,
      0.001798137724699547,
      0.0028745661497819584,
      0.003852270062197807,
      0.003763364855046231,
      0.013797585175968302,
      0.0037318461281406388,
      0.013923578468914339,
      0.01403567479209207,
      0.0020555085514123734,
      0.0022820561180335597,
      0.00820949485099193,
      0.0013350525051901965,
      0.014061567423527231,
      0.01398571130271017,
      0.013974474200296053,
      0.004414477244223266,
      0.0037136256784961485,
      0.001667048105500885,
      0.007742554446014358,
      0.0013330781779729592,
      0.014061567423527231,
      0.01404810999538442,
      0.003156688192754217,
      0.003705173675112072,
      0.0014355789016194172,
      0.014061383287986357,
      0.013944519132940723,
      0.013838435771727484,
      0.01395111740556253,
      0.0037291488867176935,
      0.0037174067330772538,
      0.003722317608391607,
      0.00779557822780638,
      0.0033849758147585338,
      0.007649172637857005,
      0.003727750560616511,
      0.007818243859756657,
      0.013935900155564734,
      0.0013070594252239738,
      0.013987328309956042,
      0.0030714091414595504,
      0.0013487415895344294,
      0.007778231824146839,
      0.0036264337576846456,
      0.003739333290706033
    ],
    "p05": 0.0013358588620964668,
    "p50": 0.003735589709423336,
    "p95": 0.014055410306315486,
    "sigma_mean": 0.006760766359116091,
    "sigma_std": 0.005032062534747804,
    "fallback_map_only": false
  },
  "commensal_static": {
    "sigma_map": 0.00877,
    "n_samples": 50,
    "sigma_samples": [
      0.007470453549243553,
      0.006726885513140618,
      0.003592376967429738,
      0.0032987967385554626,
      0.004772950696399687,
      0.007489607691112436,
      0.009825078054526405,
      0.00751749452807073,
      0.002180909424577069,
      0.0033141102592710732,
      0.007555732336356835,
      0.007448000609938203,
      0.0023727116137826814,
      0.003592146614817533,
      0.0024748050207886686,
      0.0035304535223018656,
      0.003750074373942802,
      0.006435178392787122,
      0.0075310122178495215,
      0.0014366310032063608,
      0.004384196454031081,
      0.0028067566633085263,
      0.003594092417994812,
      0.007485802052303153,
      0.0058555750694717305,
      0.004111896129003306,
      0.007561790648919872,
      0.0074629056855725325,
      0.0035460735737781516,
      0.003566112501982899,
      0.00375419570985324,
      0.003598234613009741,
      0.0012965399361058718,
      0.0035899431129970847,
      0.0026559164561351834,
      0.0035856381284312356,
      0.007503543499113714,
      0.0036044574463146004,
      0.005956639863363199,
      0.0036046698591493463,
      0.003551958917785018,
      0.0014324108921900018,
      0.003995262432285734,
      0.003928928412082539,
      0.003599452210096208,
      0.007511963111388785,
      0.0035722765189324154,
      0.007541730766453482,
      0.0032800156481286495,
      0.007412646961571188
    ],
    "p05": 0.0017715562928231794,
    "p50": 0.003677372116546074,
    "p95": 0.007549431629900326,
    "sigma_mean": 0.004753340696397033,
    "sigma_std": 0.002108254443739403,
    "fallback_map_only": false
  },
  "dysbiotic_static": {
    "sigma_map": 0.01363,
    "n_samples": 51,
    "sigma_samples": [
      0.013638067613407974,
      0.013640593052137367,
      0.013636365922617447,
      0.013644379832356886,
      0.013623312303402073,
      0.013641955264911427,
      0.013634749985560836,
      0.013629097931761083,
      0.01364163229914141,
      0.01362973420223181,
      0.013648957474395011,
      0.013640867624396959,
      0.013636237799064066,
      0.013630560767922906,
      0.01363607071038557,
      0.013642168995067898,
      0.01365255365858468,
      0.01364459351389867,
      0.013617647039146988,
      0.01363678806898901,
      0.013639174980503295,
      0.013636599866073119,
      0.013638953320677182,
      0.013636409439895187,
      0.013640845547673426,
      0.013639865534695967,
      0.013649721380770728,
      0.01362964623535877,
      0.013623208912145888,
      0.013637590235049844,
      0.013616754721123038,
      0.013642534299573131,
      0.013634157312250997,
      0.013624820018277277,
      0.013623136935210079,
      0.013644999477282703,
      0.013647493324436653,
      0.013637254304510571,
      0.013646625035933923,
      0.013648489888524261,
      0.013637625831700608,
      0.013630706336426355,
      0.013633967798160581,
      0.013654063333167099,
      0.013629485093070413,
      0.013640046299172445,
      0.013641385514233315,
      0.013635332734042554,
      0.013639923744604954,
      0.01365172232496509,
      0.013641950501057482
    ],
    "p05": 0.013623172923677984,
    "p50": 0.013638067613407974,
    "p95": 0.01365072185286791,
    "sigma_mean": 0.013637663222351902,
    "sigma_std": 8.408961954791635e-06,
    "fallback_map_only": false
  },
  "ratio_ch_dh": {
    "map": 6.44131455399061,
    "p05": 0.9772699423002954,
    "p95": 10.286945106605817
  }
}