{
  "commensal_hobic": {
    "sigma_map": 0.00613,
    "n_samples": 22,
    "sigma_samples": [
      0.0061352723033525165,
      0.006136200205939672,
      0.006137802991317139,
      0.006136855197105706,
      0.006133860518149791,
      0.006136725507969916,
      0.006139526461970574,
      0.006132383859452373,
      0.006137796958918478,
      0.006126908312810459,
      0.006135741913863274,
      0.006137129149049188,
      0.0061336461044128165,
      0.006129198117539153,
      0.006138086250005493,
      0.0061390848025543385,
      0.006134991697677343,
      0.006132279940905524,
      0.006141737317162919,
      0.006134206235294092,
      0.00614080843253063,
      0.00613676521041407
    ],
    "p05": 0.006129352208707471,
    "p50": 0.006136462856954794,
    "p95": 0.006140744334002627,
    "sigma_mean": 0.0061357730676543385,
    "sigma_std": 3.4485552671072343e-06,
    "fallback_map_only": false
  },
  "dysbiotic_hobic": {
    "sigma_map": 0.0013,
    "n_samples": 50,
    "sigma_samples": [
      0.0009413373145064992,
      0.0013657608303025155,
      0.002094575908849015,
      0.006172286735591847,
      0.0009324420102956679,
      0.0008527297623014867,
      0.0016890674912462685,
      0.002178926998923009,
      0.0021415229377979633,
      0.006177429466783281,
      0.0016763872040418976,
      0.006225461774901917,
      0.00626813665965779,
      0.0012744627429782033,
      0.001072229462553348,
      0.004000520877770252,
      0.0009402736084009921,
      0.006277976290089283,
      0.006249164473295532,
      0.006244840795283369,
      0.002206020067630935,
      0.0016718004364001291,
      0.000794818813106841,
      0.0038041670906788392,
      0.0009395024992425187,
      0.006277976290089283,
      0.006272872494905365,
      0.0018006278697113914,
      0.002115174910912942,
      0.0009952596809771315,
      0.006277916016884562,
      0.006233419464525482,
      0.006193062347906556,
      0.00623594770465383,
      0.0016760542039537672,
      0.0021194094149717684,
      0.001674131887338858,
      0.003826311680956837,
      0.0019666244250438054,
      0.0037592420933896305,
      0.001676110866468648,
      0.0038359037619473124,
      0.006230209292918584,
      0.0009242218102606744,
      0.006249716258982582,
      0.001753794153075586,
      0.0009473178614304967,
      0.003819337205961984,
      0.0020790040570244934,
      0.0021295441577865023
    ],
    "p05": 0.0009279209002764215,
    "p50": 0.0021244767863791356,
    "p95": 0.0062756464319939234,
    "sigma_mean": 0.003225220643294149,
    "sigma_std": 0.002135873422418089,
    "fallback_map_only": false
  },
  "commensal_static": {
    "sigma_map": 0.00428,
    "n_samples": 50,
    "sigma_samples": [
      0.0037632750094219914,
      0.003509283997314905,
      0.0016722988859200394,
      0.001839831668715547,
      0.00255289028903177,
      0.0037716538535644763,
      0.004733503657479251,
      0.003783920485999931,
      0.0013483970812327374,
      0.001618210320358446,
      0.0038001695539282435,
      0.003753425406574773,
      0.0011605166182901308,
      0.0016719740151286855,
      0.0015053088833100392,
      0.0016621363669626148,
      0.00207307180103679,
      0.0033157017577423037,
      0.00378972324380635,
      0.0009665177322698489,
      0.0024052068050934685,
      0.001358070936902357,
      0.0016762038671117641,
      0.003769713626890519,
      0.003054049648339284,
      0.002254717823292648,
      0.0038027748075893097,
      0.0037599626383224443,
      0.0016681063852867048,
      0.0016706315022878195,
      0.0020826439404460955,
      0.001672179006643039,
      0.0007776766336335159,
      0.0016711836183642861,
      0.0013095275889711858,
      0.0016704717735982232,
      0.003777586859556638,
      0.0016741014810907177,
      0.003095693079267143,
      0.001678055303468407,
      0.0016568499410395772,
      0.0007315643687039631,
      0.0021958942869444815,
      0.002167530381977665,
      0.001675804983056859,
      0.0037810851400765025,
      0.0016775867883443557,
      0.0037938532209819925,
      0.0018679746993197003,
      0.003738084959379346
    ],
    "p05": 0.0010538172309789758,
    "p50": 0.0019705232501782454,
    "p95": 0.0037973272041024304,
    "sigma_mean": 0.0024081319344813777,
    "sigma_std": 0.001050832361808963,
    "fallback_map_only": false
  },
  "dysbiotic_static": {
    "sigma_map": 0.0061,
    "n_samples": 51,
    "sigma_samples": [
      0.006102902380591606,
      0.006103865568388676,
      0.006102255921342122,
      0.006105307941492264,
      0.006097277210416189,
      0.006104384478008228,
      0.006101638159823657,
      0.0060994837628406155,
      0.006104260517979437,
      0.0060997256710148854,
      0.006107054398643149,
      0.0061039707780303236,
      0.006102203864893227,
      0.0061000401485540425,
      0.006102140573571076,
      0.006104465176600613,
      0.006108423551758293,
      0.006105391042923814,
      0.006095120043919412,
      0.006102414589730736,
      0.006103322043639879,
      0.006102342309457401,
      0.006103239228530971,
      0.0061022699824224555,
      0.006103961086823291,
      0.006103588889442545,
      0.0061073421216412006,
      0.006099692511373858,
      0.006097239392009178,
      0.006102718886079968,
      0.006094777717271972,
      0.006104604038074996,
      0.006101413709688884,
      0.006097855240397371,
      0.006097212690995063,
      0.00610554449355464,
      0.006106494342264342,
      0.006102593193423618,
      0.006106163630579052,
      0.006106876055210134,
      0.0061027337038317316,
      0.0061000968017106355,
      0.006101339753841719,
      0.006108997791387991,
      0.006099631955020097,
      0.006103656378266138,
      0.0061041659962775534,
      0.006101860107421182,
      0.006103607815781593,
      0.006108105350941753,
      0.00610438286156199
    ],
    "p05": 0.00609722604150212,
    "p50": 0.006102902380591606,
    "p95": 0.006107723736291476,
    "sigma_mean": 0.0061027481541067775,
    "sigma_std": 3.2048723525036306e-06,
    "fallback_map_only": false
  },
  "ratio_ch_dh": {
    "map": 4.7153846153846155,
    "p05": 0.9776722159664085,
    "p95": 6.64035675354279
  }
}