{
  "commensal_hobic": {
    "sigma_map": 0.01372,
    "n_samples": 22,
    "sigma_samples": [
      0.013735828299580335,
      0.0137383490983299,
      0.013742718335334058,
      0.013740133951150195,
      0.013731983873301197,
      0.013739787817657258,
      0.013747394022692504,
      0.013727975843103361,
      0.0137426884823916,
      0.01371305332359395,
      0.013737111546195346,
      0.013740887242051315,
      0.013731388874862525,
      0.01371928614259065,
      0.013743485609837833,
      0.0137462086160382,
      0.01373505757342748,
      0.01372768266497268,
      0.01375343109328821,
      0.01373292601034608,
      0.013750905685425445,
      0.013739887691286801
    ],
    "p05": 0.013719705968709752,
    "p50": 0.013739068457993579,
    "p95": 0.013750730102288798,
    "sigma_mean": 0.013737189627157132,
    "sigma_std": 9.38870382718662e-06,
    "fallback_map_only": false
  },
  "dysbiotic_hobic": {
    "sigma_map": 0.00213,
    "n_samples": 50,
    "sigma_samples": [
      0.0013151601462274916,
      0.00219470220364957,
      0.0037316474124040565,
      0.014717823626316687,
      0.001965109555567178,
      0.0017874773801192204,
      0.002904979428149603,
      0.003933246961646288,
      0.0038393244083401532,
      0.014732967114647838,
      0.0038060455340959433,
      0.014872247342195891,
      0.01499620227475706,
      0.0020529412126084456,
      0.002287587303467977,
      0.008607703008611281,
      0.0013133354614522166,
      0.015024839025343677,
      0.014940948865012219,
      0.014928522979951417,
      0.004528880155733621,
      0.0037868120678451046,
      0.0016527667916872383,
      0.00810144046500073,
      0.0013113251160656674,
      0.015024839025343677,
      0.015009955138311106,
      0.003200588890245505,
      0.0037778912756143727,
      0.001415830584600641,
      0.01502463536844973,
      0.014895400655124364,
      0.014778120839162955,
      0.014902696372615756,
      0.003803198123739405,
      0.0037908030688031187,
      0.0037959868375188107,
      0.008158876740095543,
      0.003440474763689993,
      0.008000321307911392,
      0.003801721974278638,
      0.00818343273385019,
      0.014885870824667207,
      0.0012848415190564902,
      0.014942736965688168,
      0.0031111310822904566,
      0.0013272771420496903,
      0.008140085302320346,
      0.003694818603462041,
      0.003813949922977649
    ],
    "p05": 0.0013141565696010904,
    "p50": 0.003809997728536796,
    "p95": 0.015018029264887349,
    "sigma_mean": 0.007110790418055276,
    "sigma_std": 0.0054395615367321525,
    "fallback_map_only": false
  },
  "commensal_static": {
    "sigma_map": 0.00877,
    "n_samples": 50,
    "sigma_samples": [
      0.0074285086401476115,
      0.0066645395138969265,
      0.0034815575157021127,
      0.0031874789181664137,
      0.004672088651740445,
      0.007448224802819454,
      0.009864341358097278,
      0.007476933059076688,
      0.002076920761265929,
      0.0032027964097379484,
      0.007516303254910547,
      0.007405399146514506,
      0.002266274175671865,
      0.0034813264317303757,
      0.002367286450180305,
      0.0034194562979926292,
      0.0036398760010691897,
      0.0063656207274653915,
      0.007490850264806142,
      0.0013482262882590036,
      0.0042787683017830825,
      0.002696706614868039,
      0.0034832784291082696,
      0.007444307357898623,
      0.005773120525604269,
      0.00400399223523675,
      0.007522541623283494,
      0.007420739794281051,
      0.0034351176120938037,
      0.003455213021496557,
      0.0036440167471172677,
      0.003487433933773357,
      0.0012123808930184284,
      0.0034791159601827225,
      0.002546836727435954,
      0.003474797496313547,
      0.0074625706280793515,
      0.0034936770778278056,
      0.005876291444937262,
      0.0034938901906408004,
      0.0034410191318791604,
      0.0013441270372129212,
      0.0038864910261453235,
      0.0038197171017015,
      0.0034886554751762154,
      0.007471238414336469,
      0.003461395210545446,
      0.007501886224110116,
      0.003168696366895403,
      0.007369016669615674
    ],
    "p05": 0.0016761388011121202,
    "p50": 0.003566883095854995,
    "p95": 0.007509815591050353,
    "sigma_mean": 0.004668820958836989,
    "sigma_std": 0.0021386440714340894,
    "fallback_map_only": false
  },
  "dysbiotic_static": {
    "sigma_map": 0.00155,
    "n_samples": 51,
    "sigma_samples": [
      0.001550371499941369,
      0.0015513236581859234,
      0.0015490457277998419,
      0.0015482893129012173,
      0.0015502299631729357,
      0.0015499841991545628,
      0.0015479466815671488,
      0.0015505246101335936,
      0.0015479560988856933,
      0.0015498963724101906,
      0.0015507162115135115,
      0.0015509573879702676,
      0.0015485769762154915,
      0.0015504195882193692,
      0.0015500316639914362,
      0.001546763102096291,
      0.0015503174796541604,
      0.0015512012992838688,
      0.0015498907493884928,
      0.0015523524576958653,
      0.0015512088930181942,
      0.001546743170944671,
      0.00154883409031765,
      0.0015488893652524517,
      0.0015518425664518575,
      0.0015480432272984696,
      0.0015481575913852631,
      0.001552184282509126,
      0.0015509391944106743,
      0.0015484301598838414,
      0.0015494770283639631,
      0.0015472360085312827,
      0.0015508021028941142,
      0.0015501900991694605,
      0.001552275972886838,
      0.001548980991985481,
      0.0015493131823812556,
      0.0015510777905358118,
      0.0015455359366094443,
      0.0015529980481278189,
      0.0015485510959739907,
      0.001548936546607912,
      0.0015512992859288569,
      0.00155074255134402,
      0.001549449615170783,
      0.0015533759240499026,
      0.0015484721994839926,
      0.0015467653978069992,
      0.0015523435308291051,
      0.0015503882984162244,
      0.0015502037183485853
    ],
    "p05": 0.0015467642499516453,
    "p50": 0.0015500316639914362,
    "p95": 0.0015523479942624852,
    "sigma_mean": 0.00154981339033528,
    "sigma_std": 1.705191652428696e-06,
    "fallback_map_only": false
  },
  "ratio_ch_dh": {
    "map": 6.44131455399061,
    "p05": 0.9146665939084027,
    "p95": 10.45741195809607
  }
}