{
  "commensal_hobic": {
    "sigma_map": 0.01372,
    "n_samples": 22,
    "sigma_samples": [
      0.013732352635624277,
      0.013734934969647337,
      0.013739372917254387,
      0.013736749525815096,
      0.013728438059313073,
      0.013736379048691443,
      0.013744180440046785,
      0.013724324067961459,
      0.013739376840648075,
      0.013709167033486735,
      0.01373364802808305,
      0.013737498085049954,
      0.013727860701946773,
      0.013715516259190702,
      0.013740164832431824,
      0.01374292870353747,
      0.013731584704772782,
      0.013724051671913217,
      0.013750288400862601,
      0.013729395509646797,
      0.013747705005751296,
      0.013736501833463588
    ],
    "p05": 0.013715943029826828,
    "p50": 0.01373565700916939,
    "p95": 0.013747528777466071,
    "sigma_mean": 0.013733746330688124,
    "sigma_std": 9.565270474559546e-06,
    "fallback_map_only": false
  },
  "dysbiotic_hobic": {
    "sigma_map": 0.00213,
    "n_samples": 50,
    "sigma_samples": [
      0.0016387531858937036,
      0.0023716142332437617,
      0.0039628359884692176,
      0.013832509030738405,
      0.0008576521269209043,
      0.0007514598104979928,
      0.002983219408815317,
      0.004132174982587445,
      0.004063866688603381,
      0.013846460926003593,
      0.0019229085671237673,
      0.013980213954300602,
      0.01409923453197575,
      0.002119356488316942,
      0.0010482573095117432,
      0.00819535244985789,
      0.0016364925630717238,
      0.014126661065688608,
      0.014046475687964717,
      0.014034224544686258,
      0.0034565088291569034,
      0.0019215119598112605,
      0.0006811825615839827,
      0.007692892685190837,
      0.0016361739598592096,
      0.014126661065688608,
      0.014112475442628584,
      0.0031356201895577423,
      0.004008626981921897,
      0.001739679426755538,
      0.014126533847741948,
      0.01400231654938362,
      0.013890185099189403,
      0.014009429388317491,
      0.0019239350947949851,
      0.004012520247662222,
      0.0019226866341967525,
      0.007748352331802661,
      0.0036910366235476917,
      0.007558495979592295,
      0.0019252871831333068,
      0.007772903511971716,
      0.013993672689301791,
      0.0016043979145356298,
      0.014047746834853127,
      0.003017639351595254,
      0.0016479344932577049,
      0.0077318912037888906,
      0.003931460441122785,
      0.004034534212907198
    ],
    "p05": 0.0009434244590867818,
    "p50": 0.004010573614792059,
    "p95": 0.014120207565440935,
    "sigma_mean": 0.0065750803255824565,
    "sigma_std": 0.005223792674600687,
    "fallback_map_only": false
  },
  "commensal_static": {
    "sigma_map": 0.00877,
    "n_samples": 50,
    "sigma_samples": [
      0.007588112168138291,
      0.007215436354491572,
      0.0019539067306697812,
      0.0030119987050851627,
      0.004632363067030424,
      0.007609686129780212,
      0.010010760287924293,
      0.0076415638294581,
      0.0022146959658895606,
      0.0020056768935021326,
      0.007681767805078726,
      0.007562679112724556,
      0.0012142392868493622,
      0.0019529257474222219,
      0.002550179947149397,
      0.0019710490764423346,
      0.003559574481040372,
      0.00649048150698618,
      0.0076561338625388145,
      0.0015285228779636374,
      0.004406288128316717,
      0.0015151371941852657,
      0.0019666376240877856,
      0.007603669334744503,
      0.005841496847703858,
      0.003991602574518811,
      0.007688339273967216,
      0.007579550728708321,
      0.001979187808467393,
      0.001970753482035751,
      0.003604636146480927,
      0.0019484082473649306,
      0.0009153344909806267,
      0.0019519623542531399,
      0.001477384288628613,
      0.001953106521412651,
      0.007624373309468509,
      0.001950010133645893,
      0.005929010290615564,
      0.0019641868411084634,
      0.0019328279077679672,
      0.0006457538775599512,
      0.003848940210799623,
      0.0037962958531110483,
      0.001960523348555774,
      0.00763271084196824,
      0.0019909027976786537,
      0.007664733376026101,
      0.0031864837514432643,
      0.007523754076468623
    ],
    "p05": 0.0013326545376500252,
    "p50": 0.003373029116241818,
    "p95": 0.0076741023120050446,
    "sigma_mean": 0.004201915109964787,
    "sigma_std": 0.002628325504747482,
    "fallback_map_only": false
  },
  "dysbiotic_static": {
    "sigma_map": 0.01363,
    "n_samples": 51,
    "sigma_samples": [
      0.013637323022998183,
      0.013639995597023283,
      0.0136355400732437,
      0.013643990307166228,
      0.013621729105118923,
      0.013641432879453911,
      0.01363382009697483,
      0.013627848921025698,
      0.013641085630004338,
      0.013628516758121876,
      0.013648839731933019,
      0.01364028958051761,
      0.013635382319934783,
      0.013629385878038469,
      0.013635208539895817,
      0.013641653403135924,
      0.013652630038386154,
      0.013644227628200615,
      0.013615761871065182,
      0.013635970540807627,
      0.013638476249874262,
      0.013635767908871593,
      0.013638253665641384,
      0.013635568494124528,
      0.01364025737991704,
      0.013639231176949967,
      0.013649623187462026,
      0.013628426407673842,
      0.013621630964148123,
      0.013636807950112774,
      0.013614804312802029,
      0.013642036805097785,
      0.013633204054917351,
      0.013623344718201398,
      0.013621560048189863,
      0.013644647714149446,
      0.013647278459364252,
      0.01363646935431685,
      0.013646362478694083,
      0.013648344696367033,
      0.013636854247065552,
      0.013629547767814332,
      0.01363299188220523,
      0.013654217651515109,
      0.013628262200669572,
      0.013639412372252394,
      0.013640821673325027,
      0.013634434564248942,
      0.013639270018204528,
      0.013651742026490334,
      0.013641429231047834
    ],
    "p05": 0.013621595506168992,
    "p50": 0.013637323022998183,
    "p95": 0.01365068260697618,
    "sigma_mean": 0.01363689630558354,
    "sigma_std": 8.882218284201479e-06,
    "fallback_map_only": false
  },
  "ratio_ch_dh": {
    "map": 6.44131455399061,
    "p05": 0.9725848717371611,
    "p95": 16.019800813119584
  }
}