{
  "commensal_hobic": {
    "sigma_map": 0.00613,
    "n_samples": 22,
    "sigma_samples": [
      0.0061357789997362145,
      0.006136699244934101,
      0.006138294209678407,
      0.006137350806349499,
      0.006134375490380423,
      0.0061372244513536334,
      0.006140000939714277,
      0.006132912176636313,
      0.006138283312348553,
      0.006127463345381329,
      0.006136247466826672,
      0.0061376257909284415,
      0.0061341582640685325,
      0.006129739338007096,
      0.006138574289240276,
      0.006139568249919989,
      0.0061354976315507286,
      0.0061328051355593,
      0.006142204448060757,
      0.006134719449034841,
      0.006141282705079163,
      0.006137260909982956
    ],
    "p05": 0.006129892627884706,
    "p50": 0.0061369618481438674,
    "p95": 0.006141218616810919,
    "sigma_mean": 0.006136275757035069,
    "sigma_std": 3.427591813641672e-06,
    "fallback_map_only": false
  },
  "dysbiotic_hobic": {
    "sigma_map": 0.0013,
    "n_samples": 50,
    "sigma_samples": [
      0.0008766157693575632,
      0.0013321845749514046,
      0.002055711709557174,
      0.006309571301588319,
      0.0012171532618299368,
      0.0011264665542434203,
      0.0016752495858192056,
      0.002146035972701816,
      0.0021040630651864498,
      0.006314876470083984,
      0.002089146274728753,
      0.0063636234826746,
      0.006406936627611813,
      0.001261434602608736,
      0.0013780871922275755,
      0.004070193311006954,
      0.0008756216663620167,
      0.006416933748879378,
      0.006387637733092746,
      0.00638329582871746,
      0.002408160358686424,
      0.0020805142807977556,
      0.0010565935034024558,
      0.003873475053006669,
      0.0008745261216851764,
      0.006416933748879378,
      0.006411738202469368,
      0.0018133231711261293,
      0.002076507904441885,
      0.0009310824393540398,
      0.0064168626643334725,
      0.006371718859792059,
      0.006330689115827599,
      0.006374269274494746,
      0.0020878688584782847,
      0.0020823061024728717,
      0.002084632921134646,
      0.0038959036421549902,
      0.0019236569206015183,
      0.0038339176982634077,
      0.0020872065538120876,
      0.0039054838262049547,
      0.006368387106804235,
      0.0008600649220668381,
      0.00638826248433545,
      0.0017717951257876809,
      0.0008832108326849759,
      0.003888568861571539,
      0.0020391158371863296,
      0.002092691457472729
    ],
    "p05": 0.0008760690127100127,
    "p50": 0.002090918866100741,
    "p95": 0.006414556656494625,
    "sigma_mean": 0.0033284061316511803,
    "sigma_std": 0.0021575574211314713,
    "fallback_map_only": false
  },
  "commensal_static": {
    "sigma_map": 0.00428,
    "n_samples": 50,
    "sigma_samples": [
      0.0037369846991171904,
      0.003419816925309722,
      0.0020115907426764166,
      0.0018716183308528074,
      0.002558195871165865,
      0.0037450886101892526,
      0.004711723288341214,
      0.0037568815260957027,
      0.0013188196023682683,
      0.0018789655848643924,
      0.0037730407621982204,
      0.003727481025536783,
      0.0014162935037639996,
      0.002011481624694993,
      0.0014676778584405523,
      0.001982218558109262,
      0.0020860431825148,
      0.0032939382766762337,
      0.0037625955236638823,
      0.0009264491362587794,
      0.0023807890981546423,
      0.0016325760261574685,
      0.0020124033173320463,
      0.003743478739817363,
      0.003041159505809448,
      0.0022550859214683226,
      0.0037755998377342905,
      0.0037337904004550713,
      0.001989635058658275,
      0.0019991423064642357,
      0.002087982406563572,
      0.002014365146103075,
      0.0008494283086523848,
      0.0020104377718836077,
      0.0015580408517946883,
      0.0020083981103261885,
      0.0037509826937701315,
      0.002017311754231888,
      0.00308550391792532,
      0.0020174123211662595,
      0.0019924281514216934,
      0.0009241464121938202,
      0.002200855043594063,
      0.0021699033520105834,
      0.0020149417589508754,
      0.0037545429113355695,
      0.0020020650991949057,
      0.0037671251866198516,
      0.0018626001969631611,
      0.003712507904430439
    ],
    "p05": 0.0011030158460080494,
    "p50": 0.0020517277518405297,
    "p95": 0.0037703787531879543,
    "sigma_mean": 0.0025164308828804316,
    "sigma_std": 0.0009535532835760352,
    "fallback_map_only": false
  },
  "dysbiotic_static": {
    "sigma_map": 0.00106,
    "n_samples": 51,
    "sigma_samples": [
      0.001060207625751968,
      0.001060739731224866,
      0.0010594666298739319,
      0.0010590438052115216,
      0.001060128524044585,
      0.0010599911689425819,
      0.0010588522669772232,
      0.0010602931940989354,
      0.001058857531562981,
      0.0010599420824703753,
      0.001060400271753785,
      0.0010605350513200025,
      0.0010592046091670636,
      0.0010602345009055097,
      0.0010600176968849598,
      0.0010581905611507343,
      0.0010601774351876514,
      0.0010606713553440827,
      0.0010599389397395267,
      0.0010613145999349084,
      0.0010606755988586474,
      0.0010581794174152166,
      0.0010593483314758102,
      0.001059379228633018,
      0.0010610296935337372,
      0.0010589062388871437,
      0.0010589701709871684,
      0.0010612206323998307,
      0.0010605248841258727,
      0.001059122539436663,
      0.0010597077035743934,
      0.0010584549608667088,
      0.001060448271915533,
      0.0010601062447140098,
      0.0010612718644379291,
      0.0010594304449944962,
      0.0010596161239716819,
      0.0010606023359135545,
      0.001057504389902739,
      0.0010616753049673563,
      0.0010591901423208877,
      0.0010594056015441975,
      0.0010607261117423644,
      0.0010604149917472496,
      0.0010596923814462566,
      0.0010618864195255959,
      0.0010591460395469213,
      0.0010581918447072419,
      0.0010613096121134661,
      0.0010602170139530505,
      0.0010601138562591841
    ],
    "p05": 0.001058191202928988,
    "p50": 0.0010600176968849598,
    "p95": 0.0010613121060241873,
    "sigma_mean": 0.0010598956074012768,
    "sigma_std": 9.530679682886415e-07,
    "fallback_map_only": false
  },
  "ratio_ch_dh": {
    "map": 4.7153846153846155,
    "p05": 0.9565774636132736,
    "p95": 7.006615547986159
  }
}