{
  "commensal_hobic": {
    "sigma_map": 0.00613,
    "n_samples": 22,
    "sigma_samples": [
      0.006135694342712593,
      0.0061366010999158085,
      0.006138172682614158,
      0.0061372431102193915,
      0.0061343114006991144,
      0.006137118607514793,
      0.006139854385512101,
      0.0061328695257509905,
      0.006138161945058509,
      0.006127500480215756,
      0.006136155943749672,
      0.006137514063553497,
      0.006134097357256539,
      0.006129743154613098,
      0.006138448655616516,
      0.006139428041239637,
      0.006135417098131136,
      0.006132764052719459,
      0.006142025571942989,
      0.0061346503193344505,
      0.006141117350832977,
      0.006137154531685514
    ],
    "p05": 0.006129894199518416,
    "p50": 0.006136859853715301,
    "p95": 0.006141054202566933,
    "sigma_mean": 0.006136183805494941,
    "sigma_std": 3.377362952319704e-06,
    "fallback_map_only": false
  },
  "dysbiotic_hobic": {
    "sigma_map": 0.0013,
    "n_samples": 50,
    "sigma_samples": [
      0.0008816882882142668,
      0.0013317076188164019,
      0.002041964181570302,
      0.006165302937843833,
      0.0012183273913635004,
      0.0011288322756671716,
      0.0016690404979112397,
      0.0021303426696054925,
      0.0020892808638998442,
      0.006170410868598211,
      0.002074684994083958,
      0.0062173426103187225,
      0.006259038416421703,
      0.001261990950650563,
      0.00137691064824159,
      0.004002738998176027,
      0.0008807030648420468,
      0.006268661651918586,
      0.006240460665678944,
      0.006236280892527175,
      0.0023865198387648437,
      0.0020662380129903837,
      0.0010598057216585819,
      0.0038120449897832945,
      0.0008796172869248044,
      0.006268661651918586,
      0.0062636604429518235,
      0.0018045085125434645,
      0.0020623173326036193,
      0.0009356439433439162,
      0.006268593226663326,
      0.006225136016102455,
      0.006185635252745473,
      0.006227591265957682,
      0.0020734349894542567,
      0.002067991471998699,
      0.002070268440809035,
      0.0038337937626784853,
      0.0019126510073585571,
      0.00377368212759065,
      0.002072786892540536,
      0.0038430830095194145,
      0.006221928560733531,
      0.000865283132323068,
      0.006241062084636464,
      0.0017637805656028772,
      0.000888224029099473,
      0.0038266815034169103,
      0.002025719707400213,
      0.0020781540434061966
    ],
    "p05": 0.0008811464153595459,
    "p50": 0.0020764195187450776,
    "p95": 0.00626637347399315,
    "sigma_mean": 0.0032730041861974033,
    "sigma_std": 0.002095135054111615,
    "fallback_map_only": false
  },
  "commensal_static": {
    "sigma_map": 0.00428,
    "n_samples": 50,
    "sigma_samples": [
      0.0037444158822977558,
      0.003431070284321487,
      0.002033952904068094,
      0.0018944239904580364,
      0.00257754638422063,
      0.0037524168857727977,
      0.004705097926980194,
      0.0037640595965065383,
      0.001341749314610174,
      0.0019017516689761205,
      0.003780012145417793,
      0.003735032567499288,
      0.0014394142947955523,
      0.0020338441885140303,
      0.0014908593215472025,
      0.0020046859119535964,
      0.0021081108808823287,
      0.0033065926703781047,
      0.0037697006229096093,
      0.0009474431607454682,
      0.002401323375366832,
      0.001655778500492676,
      0.002034762479231179,
      0.0037508274785513006,
      0.003056414000357591,
      0.0022763432885196857,
      0.0037825383968374568,
      0.0037412620766935608,
      0.002012076446914151,
      0.002021549819556124,
      0.0021100419112887792,
      0.00203671704649306,
      0.0008697816748743324,
      0.0020328041810691584,
      0.001581265603217075,
      0.0020307720104365164,
      0.003758235964005467,
      0.0020396526956897904,
      0.0031003236193682527,
      0.0020397528874902707,
      0.0020148596562596117,
      0.0009451226941716252,
      0.0022223931819835108,
      0.002191593041558489,
      0.002037291519765935,
      0.003761750811035945,
      0.0020244620654014923,
      0.003774172350221684,
      0.0018854293078757064,
      0.003720248361628282
    ],
    "p05": 0.0011248809299845858,
    "p50": 0.0020739318841863,
    "p95": 0.0037773842375795437,
    "sigma_mean": 0.002533434540984207,
    "sigma_std": 0.0009466953347073845,
    "fallback_map_only": false
  },
  "dysbiotic_static": {
    "sigma_map": 0.0061,
    "n_samples": 51,
    "sigma_samples": [
      0.006103009503864223,
      0.0061039515205302194,
      0.0061023747379463774,
      0.006105363977173566,
      0.0060975050289383565,
      0.006104459628956932,
      0.006101771947743413,
      0.0060996634783588854,
      0.006104339162762507,
      0.006099900843029603,
      0.00610707133558663,
      0.006104053937279799,
      0.006102326944673019,
      0.006100209195765991,
      0.00610226461632618,
      0.006104539350019277,
      0.006108412565259486,
      0.006105443677745293,
      0.006095391336013692,
      0.0061025322085179225,
      0.006103422567651029,
      0.006102462004483447,
      0.006103339885808011,
      0.006102390970956757,
      0.0061040457025703385,
      0.006103680151429605,
      0.00610735624635196,
      0.0060998680265483924,
      0.00609746645528478,
      0.006102831433177464,
      0.006095058401522905,
      0.006104675607629587,
      0.006101550860864377,
      0.006098067528138895,
      0.006097439601791899,
      0.006105595096493291,
      0.006106525250666392,
      0.006102706124441328,
      0.006106201399957762,
      0.006106896940853426,
      0.006102844711402226,
      0.006100263500197499,
      0.00610148016546082,
      0.006108975594631386,
      0.006099807911521687,
      0.006103747578070187,
      0.006104247111700722,
      0.006101989330771528,
      0.0061037018642219765,
      0.006108102517034384,
      0.006104457852043418
    ],
    "p05": 0.006097453028538339,
    "p50": 0.006103009503864223,
    "p95": 0.006107729381693172,
    "sigma_mean": 0.006102858497846449,
    "sigma_std": 3.136769477706026e-06,
    "fallback_map_only": false
  },
  "ratio_ch_dh": {
    "map": 4.7153846153846155,
    "p05": 0.9791839189046884,
    "p95": 6.966103866314338
  }
}